<?xml version="1.0" encoding="UTF-8"?>
<root>
  <item name="androidx.emoji.text.EmojiCompat int getLoadState()">
    <annotation name="android.support.annotation.IntDef">
      <val name="value" val="{androidx.emoji.text.EmojiCompat.LOAD_STATE_DEFAULT, androidx.emoji.text.EmojiCompat.LOAD_STATE_LOADING, androidx.emoji.text.EmojiCompat.LOAD_STATE_SUCCEEDED, androidx.emoji.text.EmojiCompat.LOAD_STATE_FAILED}" />
    </annotation>
  </item>
  <item name="androidx.emoji.text.EmojiCompat java.lang.CharSequence process(java.lang.CharSequence, int, int, int, int) 4">
    <annotation name="android.support.annotation.IntDef">
      <val name="value" val="{androidx.emoji.text.EmojiCompat.REPLACE_STRATEGY_DEFAULT, androidx.emoji.text.EmojiCompat.REPLACE_STRATEGY_NON_EXISTENT, androidx.emoji.text.EmojiCompat.REPLACE_STRATEGY_ALL}" />
    </annotation>
  </item>
  <item name="androidx.emoji.text.EmojiCompat mLoadState">
    <annotation name="android.support.annotation.IntDef">
      <val name="value" val="{androidx.emoji.text.EmojiCompat.LOAD_STATE_DEFAULT, androidx.emoji.text.EmojiCompat.LOAD_STATE_LOADING, androidx.emoji.text.EmojiCompat.LOAD_STATE_SUCCEEDED, androidx.emoji.text.EmojiCompat.LOAD_STATE_FAILED}" />
    </annotation>
  </item>
  <item name="androidx.emoji.text.EmojiCompat mMetadataLoadStrategy">
    <annotation name="android.support.annotation.IntDef">
      <val name="value" val="{androidx.emoji.text.EmojiCompat.LOAD_STRATEGY_DEFAULT, androidx.emoji.text.EmojiCompat.LOAD_STRATEGY_MANUAL}" />
    </annotation>
  </item>
  <item name="androidx.emoji.text.EmojiCompat.Config androidx.emoji.text.EmojiCompat.Config setMetadataLoadStrategy(int) 0">
    <annotation name="android.support.annotation.IntDef">
      <val name="value" val="{androidx.emoji.text.EmojiCompat.LOAD_STRATEGY_DEFAULT, androidx.emoji.text.EmojiCompat.LOAD_STRATEGY_MANUAL}" />
    </annotation>
  </item>
  <item name="androidx.emoji.text.EmojiCompat.Config mMetadataLoadStrategy">
    <annotation name="android.support.annotation.IntDef">
      <val name="value" val="{androidx.emoji.text.EmojiCompat.LOAD_STRATEGY_DEFAULT, androidx.emoji.text.EmojiCompat.LOAD_STRATEGY_MANUAL}" />
    </annotation>
  </item>
  <item name="androidx.emoji.text.EmojiCompat.ListenerDispatcher ListenerDispatcher(androidx.emoji.text.EmojiCompat.InitCallback, int) 1">
    <annotation name="android.support.annotation.IntDef">
      <val name="value" val="{androidx.emoji.text.EmojiCompat.LOAD_STATE_DEFAULT, androidx.emoji.text.EmojiCompat.LOAD_STATE_LOADING, androidx.emoji.text.EmojiCompat.LOAD_STATE_SUCCEEDED, androidx.emoji.text.EmojiCompat.LOAD_STATE_FAILED}" />
    </annotation>
  </item>
  <item name="androidx.emoji.text.EmojiCompat.ListenerDispatcher ListenerDispatcher(java.util.Collection&lt;androidx.emoji.text.EmojiCompat.InitCallback&gt;, int) 1">
    <annotation name="android.support.annotation.IntDef">
      <val name="value" val="{androidx.emoji.text.EmojiCompat.LOAD_STATE_DEFAULT, androidx.emoji.text.EmojiCompat.LOAD_STATE_LOADING, androidx.emoji.text.EmojiCompat.LOAD_STATE_SUCCEEDED, androidx.emoji.text.EmojiCompat.LOAD_STATE_FAILED}" />
    </annotation>
  </item>
  <item name="androidx.emoji.text.EmojiCompat.ListenerDispatcher ListenerDispatcher(java.util.Collection&lt;androidx.emoji.text.EmojiCompat.InitCallback&gt;, int, java.lang.Throwable) 1">
    <annotation name="android.support.annotation.IntDef">
      <val name="value" val="{androidx.emoji.text.EmojiCompat.LOAD_STATE_DEFAULT, androidx.emoji.text.EmojiCompat.LOAD_STATE_LOADING, androidx.emoji.text.EmojiCompat.LOAD_STATE_SUCCEEDED, androidx.emoji.text.EmojiCompat.LOAD_STATE_FAILED}" />
    </annotation>
  </item>
  <item name="android.support.text.emoji.EmojiCompat.LoadState">
    <annotation name="android.support.annotation.IntDef">
      <val name="value" val="{androidx.emoji.text.EmojiCompat.LOAD_STATE_DEFAULT, androidx.emoji.text.EmojiCompat.LOAD_STATE_LOADING, androidx.emoji.text.EmojiCompat.LOAD_STATE_SUCCEEDED, androidx.emoji.text.EmojiCompat.LOAD_STATE_FAILED}" />
    </annotation>
  </item>
  <item name="android.support.text.emoji.EmojiCompat.LoadStrategy">
    <annotation name="android.support.annotation.IntDef">
      <val name="value" val="{androidx.emoji.text.EmojiCompat.LOAD_STRATEGY_DEFAULT, androidx.emoji.text.EmojiCompat.LOAD_STRATEGY_MANUAL}" />
    </annotation>
  </item>
  <item name="android.support.text.emoji.EmojiCompat.ReplaceStrategy">
    <annotation name="android.support.annotation.IntDef">
      <val name="value" val="{androidx.emoji.text.EmojiCompat.REPLACE_STRATEGY_DEFAULT, androidx.emoji.text.EmojiCompat.REPLACE_STRATEGY_NON_EXISTENT, androidx.emoji.text.EmojiCompat.REPLACE_STRATEGY_ALL}" />
    </annotation>
  </item>
  <item name="androidx.emoji.text.EmojiMetadata int getHasGlyph()">
    <annotation name="android.support.annotation.IntDef">
      <val name="value" val="{androidx.emoji.text.EmojiMetadata.HAS_GLYPH_UNKNOWN, androidx.emoji.text.EmojiMetadata.HAS_GLYPH_ABSENT, androidx.emoji.text.EmojiMetadata.HAS_GLYPH_EXISTS}" />
    </annotation>
  </item>
  <item name="androidx.emoji.text.EmojiMetadata mHasGlyph">
    <annotation name="android.support.annotation.IntDef">
      <val name="value" val="{androidx.emoji.text.EmojiMetadata.HAS_GLYPH_UNKNOWN, androidx.emoji.text.EmojiMetadata.HAS_GLYPH_ABSENT, androidx.emoji.text.EmojiMetadata.HAS_GLYPH_EXISTS}" />
    </annotation>
  </item>
  <item name="android.support.text.emoji.EmojiMetadata.HasGlyph">
    <annotation name="android.support.annotation.IntDef">
      <val name="value" val="{androidx.emoji.text.EmojiMetadata.HAS_GLYPH_UNKNOWN, androidx.emoji.text.EmojiMetadata.HAS_GLYPH_ABSENT, androidx.emoji.text.EmojiMetadata.HAS_GLYPH_EXISTS}" />
    </annotation>
  </item>
  <item name="androidx.emoji.text.EmojiProcessor.ProcessorSm int check(int)">
    <annotation name="android.support.annotation.IntDef">
      <val name="value" val="{androidx.emoji.text.EmojiProcessor.ACTION_ADVANCE_BOTH, androidx.emoji.text.EmojiProcessor.ACTION_ADVANCE_END, androidx.emoji.text.EmojiProcessor.ACTION_FLUSH}" />
    </annotation>
  </item>
  <item name="androidx.emoji.text.EmojiProcessor.ProcessorSm int reset()">
    <annotation name="android.support.annotation.IntDef">
      <val name="value" val="{androidx.emoji.text.EmojiProcessor.ACTION_ADVANCE_BOTH, androidx.emoji.text.EmojiProcessor.ACTION_ADVANCE_END, androidx.emoji.text.EmojiProcessor.ACTION_FLUSH}" />
    </annotation>
  </item>
</root>

