<?xml version="1.0" encoding="UTF-8"?>
<root>
  <item name="androidx.tvprovider.media.tv.BasePreviewProgram int getAvailability()">
    <annotation name="android.support.annotation.IntDef">
      <val name="value" val="{androidx.tvprovider.media.tv.BasePreviewProgram.AVAILABILITY_UNKNOWN, androidx.tvprovider.media.tv.TvContractCompat.PreviewProgramColumns.AVAILABILITY_AVAILABLE, androidx.tvprovider.media.tv.TvContractCompat.PreviewProgramColumns.AVAILABILITY_FREE_WITH_SUBSCRIPTION, androidx.tvprovider.media.tv.TvContractCompat.PreviewProgramColumns.AVAILABILITY_PAID_CONTENT, androidx.tvprovider.media.tv.TvContractCompat.PreviewProgramColumns.AVAILABILITY_PURCHASED, androidx.tvprovider.media.tv.TvContractCompat.PreviewProgramColumns.AVAILABILITY_FREE}" />
    </annotation>
  </item>
  <item name="androidx.tvprovider.media.tv.BasePreviewProgram int getInteractionType()">
    <annotation name="android.support.annotation.IntDef">
      <val name="value" val="{androidx.tvprovider.media.tv.BasePreviewProgram.INTERACTION_TYPE_UNKNOWN, androidx.tvprovider.media.tv.TvContractCompat.PreviewProgramColumns.INTERACTION_TYPE_VIEWS, androidx.tvprovider.media.tv.TvContractCompat.PreviewProgramColumns.INTERACTION_TYPE_LISTENS, androidx.tvprovider.media.tv.TvContractCompat.PreviewProgramColumns.INTERACTION_TYPE_FOLLOWERS, androidx.tvprovider.media.tv.TvContractCompat.PreviewProgramColumns.INTERACTION_TYPE_FANS, androidx.tvprovider.media.tv.TvContractCompat.PreviewProgramColumns.INTERACTION_TYPE_LIKES, androidx.tvprovider.media.tv.TvContractCompat.PreviewProgramColumns.INTERACTION_TYPE_THUMBS, androidx.tvprovider.media.tv.TvContractCompat.PreviewProgramColumns.INTERACTION_TYPE_VIEWERS}" />
    </annotation>
  </item>
  <item name="androidx.tvprovider.media.tv.BasePreviewProgram int getPosterArtAspectRatio()">
    <annotation name="android.support.annotation.IntDef">
      <val name="value" val="{androidx.tvprovider.media.tv.BasePreviewProgram.ASPECT_RATIO_UNKNOWN, androidx.tvprovider.media.tv.TvContractCompat.PreviewProgramColumns.ASPECT_RATIO_16_9, androidx.tvprovider.media.tv.TvContractCompat.PreviewProgramColumns.ASPECT_RATIO_3_2, androidx.tvprovider.media.tv.TvContractCompat.PreviewProgramColumns.ASPECT_RATIO_4_3, androidx.tvprovider.media.tv.TvContractCompat.PreviewProgramColumns.ASPECT_RATIO_1_1, androidx.tvprovider.media.tv.TvContractCompat.PreviewProgramColumns.ASPECT_RATIO_2_3, androidx.tvprovider.media.tv.TvContractCompat.PreviewProgramColumns.ASPECT_RATIO_MOVIE_POSTER}" />
    </annotation>
  </item>
  <item name="androidx.tvprovider.media.tv.BasePreviewProgram int getThumbnailAspectRatio()">
    <annotation name="android.support.annotation.IntDef">
      <val name="value" val="{androidx.tvprovider.media.tv.BasePreviewProgram.ASPECT_RATIO_UNKNOWN, androidx.tvprovider.media.tv.TvContractCompat.PreviewProgramColumns.ASPECT_RATIO_16_9, androidx.tvprovider.media.tv.TvContractCompat.PreviewProgramColumns.ASPECT_RATIO_3_2, androidx.tvprovider.media.tv.TvContractCompat.PreviewProgramColumns.ASPECT_RATIO_4_3, androidx.tvprovider.media.tv.TvContractCompat.PreviewProgramColumns.ASPECT_RATIO_1_1, androidx.tvprovider.media.tv.TvContractCompat.PreviewProgramColumns.ASPECT_RATIO_2_3, androidx.tvprovider.media.tv.TvContractCompat.PreviewProgramColumns.ASPECT_RATIO_MOVIE_POSTER}" />
    </annotation>
  </item>
  <item name="androidx.tvprovider.media.tv.BasePreviewProgram int getTvSeriesItemType()">
    <annotation name="android.support.annotation.IntDef">
      <val name="value" val="{androidx.tvprovider.media.tv.TvContractCompat.PreviewProgramColumns.TV_SERIES_ITEM_TYPE_EPISODE, androidx.tvprovider.media.tv.TvContractCompat.PreviewProgramColumns.TV_SERIES_ITEM_TYPE_CHAPTER}" />
    </annotation>
  </item>
  <item name="androidx.tvprovider.media.tv.BasePreviewProgram int getType()">
    <annotation name="android.support.annotation.IntDef">
      <val name="value" val="{androidx.tvprovider.media.tv.BasePreviewProgram.TYPE_UNKNOWN, androidx.tvprovider.media.tv.TvContractCompat.PreviewProgramColumns.TYPE_MOVIE, androidx.tvprovider.media.tv.TvContractCompat.PreviewProgramColumns.TYPE_TV_SERIES, androidx.tvprovider.media.tv.TvContractCompat.PreviewProgramColumns.TYPE_TV_SEASON, androidx.tvprovider.media.tv.TvContractCompat.PreviewProgramColumns.TYPE_TV_EPISODE, androidx.tvprovider.media.tv.TvContractCompat.PreviewProgramColumns.TYPE_CLIP, androidx.tvprovider.media.tv.TvContractCompat.PreviewProgramColumns.TYPE_EVENT, androidx.tvprovider.media.tv.TvContractCompat.PreviewProgramColumns.TYPE_CHANNEL, androidx.tvprovider.media.tv.TvContractCompat.PreviewProgramColumns.TYPE_TRACK, androidx.tvprovider.media.tv.TvContractCompat.PreviewProgramColumns.TYPE_ALBUM, androidx.tvprovider.media.tv.TvContractCompat.PreviewProgramColumns.TYPE_ARTIST, androidx.tvprovider.media.tv.TvContractCompat.PreviewProgramColumns.TYPE_PLAYLIST, androidx.tvprovider.media.tv.TvContractCompat.PreviewProgramColumns.TYPE_STATION, androidx.tvprovider.media.tv.TvContractCompat.PreviewProgramColumns.TYPE_GAME}" />
    </annotation>
  </item>
  <item name="android.support.media.tv.BasePreviewProgram.AspectRatio">
    <annotation name="android.support.annotation.IntDef">
      <val name="value" val="{androidx.tvprovider.media.tv.BasePreviewProgram.ASPECT_RATIO_UNKNOWN, androidx.tvprovider.media.tv.TvContractCompat.PreviewProgramColumns.ASPECT_RATIO_16_9, androidx.tvprovider.media.tv.TvContractCompat.PreviewProgramColumns.ASPECT_RATIO_3_2, androidx.tvprovider.media.tv.TvContractCompat.PreviewProgramColumns.ASPECT_RATIO_4_3, androidx.tvprovider.media.tv.TvContractCompat.PreviewProgramColumns.ASPECT_RATIO_1_1, androidx.tvprovider.media.tv.TvContractCompat.PreviewProgramColumns.ASPECT_RATIO_2_3, androidx.tvprovider.media.tv.TvContractCompat.PreviewProgramColumns.ASPECT_RATIO_MOVIE_POSTER}" />
    </annotation>
  </item>
  <item name="android.support.media.tv.BasePreviewProgram.Availability">
    <annotation name="android.support.annotation.IntDef">
      <val name="value" val="{androidx.tvprovider.media.tv.BasePreviewProgram.AVAILABILITY_UNKNOWN, androidx.tvprovider.media.tv.TvContractCompat.PreviewProgramColumns.AVAILABILITY_AVAILABLE, androidx.tvprovider.media.tv.TvContractCompat.PreviewProgramColumns.AVAILABILITY_FREE_WITH_SUBSCRIPTION, androidx.tvprovider.media.tv.TvContractCompat.PreviewProgramColumns.AVAILABILITY_PAID_CONTENT, androidx.tvprovider.media.tv.TvContractCompat.PreviewProgramColumns.AVAILABILITY_PURCHASED, androidx.tvprovider.media.tv.TvContractCompat.PreviewProgramColumns.AVAILABILITY_FREE}" />
    </annotation>
  </item>
  <item name="androidx.tvprovider.media.tv.BasePreviewProgram.Builder T setAvailability(int) 0">
    <annotation name="android.support.annotation.IntDef">
      <val name="value" val="{androidx.tvprovider.media.tv.BasePreviewProgram.AVAILABILITY_UNKNOWN, androidx.tvprovider.media.tv.TvContractCompat.PreviewProgramColumns.AVAILABILITY_AVAILABLE, androidx.tvprovider.media.tv.TvContractCompat.PreviewProgramColumns.AVAILABILITY_FREE_WITH_SUBSCRIPTION, androidx.tvprovider.media.tv.TvContractCompat.PreviewProgramColumns.AVAILABILITY_PAID_CONTENT, androidx.tvprovider.media.tv.TvContractCompat.PreviewProgramColumns.AVAILABILITY_PURCHASED, androidx.tvprovider.media.tv.TvContractCompat.PreviewProgramColumns.AVAILABILITY_FREE}" />
    </annotation>
  </item>
  <item name="androidx.tvprovider.media.tv.BasePreviewProgram.Builder T setInteractionType(int) 0">
    <annotation name="android.support.annotation.IntDef">
      <val name="value" val="{androidx.tvprovider.media.tv.BasePreviewProgram.INTERACTION_TYPE_UNKNOWN, androidx.tvprovider.media.tv.TvContractCompat.PreviewProgramColumns.INTERACTION_TYPE_VIEWS, androidx.tvprovider.media.tv.TvContractCompat.PreviewProgramColumns.INTERACTION_TYPE_LISTENS, androidx.tvprovider.media.tv.TvContractCompat.PreviewProgramColumns.INTERACTION_TYPE_FOLLOWERS, androidx.tvprovider.media.tv.TvContractCompat.PreviewProgramColumns.INTERACTION_TYPE_FANS, androidx.tvprovider.media.tv.TvContractCompat.PreviewProgramColumns.INTERACTION_TYPE_LIKES, androidx.tvprovider.media.tv.TvContractCompat.PreviewProgramColumns.INTERACTION_TYPE_THUMBS, androidx.tvprovider.media.tv.TvContractCompat.PreviewProgramColumns.INTERACTION_TYPE_VIEWERS}" />
    </annotation>
  </item>
  <item name="androidx.tvprovider.media.tv.BasePreviewProgram.Builder T setPosterArtAspectRatio(int) 0">
    <annotation name="android.support.annotation.IntDef">
      <val name="value" val="{androidx.tvprovider.media.tv.BasePreviewProgram.ASPECT_RATIO_UNKNOWN, androidx.tvprovider.media.tv.TvContractCompat.PreviewProgramColumns.ASPECT_RATIO_16_9, androidx.tvprovider.media.tv.TvContractCompat.PreviewProgramColumns.ASPECT_RATIO_3_2, androidx.tvprovider.media.tv.TvContractCompat.PreviewProgramColumns.ASPECT_RATIO_4_3, androidx.tvprovider.media.tv.TvContractCompat.PreviewProgramColumns.ASPECT_RATIO_1_1, androidx.tvprovider.media.tv.TvContractCompat.PreviewProgramColumns.ASPECT_RATIO_2_3, androidx.tvprovider.media.tv.TvContractCompat.PreviewProgramColumns.ASPECT_RATIO_MOVIE_POSTER}" />
    </annotation>
  </item>
  <item name="androidx.tvprovider.media.tv.BasePreviewProgram.Builder T setThumbnailAspectRatio(int) 0">
    <annotation name="android.support.annotation.IntDef">
      <val name="value" val="{androidx.tvprovider.media.tv.BasePreviewProgram.ASPECT_RATIO_UNKNOWN, androidx.tvprovider.media.tv.TvContractCompat.PreviewProgramColumns.ASPECT_RATIO_16_9, androidx.tvprovider.media.tv.TvContractCompat.PreviewProgramColumns.ASPECT_RATIO_3_2, androidx.tvprovider.media.tv.TvContractCompat.PreviewProgramColumns.ASPECT_RATIO_4_3, androidx.tvprovider.media.tv.TvContractCompat.PreviewProgramColumns.ASPECT_RATIO_1_1, androidx.tvprovider.media.tv.TvContractCompat.PreviewProgramColumns.ASPECT_RATIO_2_3, androidx.tvprovider.media.tv.TvContractCompat.PreviewProgramColumns.ASPECT_RATIO_MOVIE_POSTER}" />
    </annotation>
  </item>
  <item name="androidx.tvprovider.media.tv.BasePreviewProgram.Builder T setTvSeriesItemType(int) 0">
    <annotation name="android.support.annotation.IntDef">
      <val name="value" val="{androidx.tvprovider.media.tv.TvContractCompat.PreviewProgramColumns.TV_SERIES_ITEM_TYPE_EPISODE, androidx.tvprovider.media.tv.TvContractCompat.PreviewProgramColumns.TV_SERIES_ITEM_TYPE_CHAPTER}" />
    </annotation>
  </item>
  <item name="androidx.tvprovider.media.tv.BasePreviewProgram.Builder T setType(int) 0">
    <annotation name="android.support.annotation.IntDef">
      <val name="value" val="{androidx.tvprovider.media.tv.BasePreviewProgram.TYPE_UNKNOWN, androidx.tvprovider.media.tv.TvContractCompat.PreviewProgramColumns.TYPE_MOVIE, androidx.tvprovider.media.tv.TvContractCompat.PreviewProgramColumns.TYPE_TV_SERIES, androidx.tvprovider.media.tv.TvContractCompat.PreviewProgramColumns.TYPE_TV_SEASON, androidx.tvprovider.media.tv.TvContractCompat.PreviewProgramColumns.TYPE_TV_EPISODE, androidx.tvprovider.media.tv.TvContractCompat.PreviewProgramColumns.TYPE_CLIP, androidx.tvprovider.media.tv.TvContractCompat.PreviewProgramColumns.TYPE_EVENT, androidx.tvprovider.media.tv.TvContractCompat.PreviewProgramColumns.TYPE_CHANNEL, androidx.tvprovider.media.tv.TvContractCompat.PreviewProgramColumns.TYPE_TRACK, androidx.tvprovider.media.tv.TvContractCompat.PreviewProgramColumns.TYPE_ALBUM, androidx.tvprovider.media.tv.TvContractCompat.PreviewProgramColumns.TYPE_ARTIST, androidx.tvprovider.media.tv.TvContractCompat.PreviewProgramColumns.TYPE_PLAYLIST, androidx.tvprovider.media.tv.TvContractCompat.PreviewProgramColumns.TYPE_STATION, androidx.tvprovider.media.tv.TvContractCompat.PreviewProgramColumns.TYPE_GAME}" />
    </annotation>
  </item>
  <item name="android.support.media.tv.BasePreviewProgram.InteractionType">
    <annotation name="android.support.annotation.IntDef">
      <val name="value" val="{androidx.tvprovider.media.tv.BasePreviewProgram.INTERACTION_TYPE_UNKNOWN, androidx.tvprovider.media.tv.TvContractCompat.PreviewProgramColumns.INTERACTION_TYPE_VIEWS, androidx.tvprovider.media.tv.TvContractCompat.PreviewProgramColumns.INTERACTION_TYPE_LISTENS, androidx.tvprovider.media.tv.TvContractCompat.PreviewProgramColumns.INTERACTION_TYPE_FOLLOWERS, androidx.tvprovider.media.tv.TvContractCompat.PreviewProgramColumns.INTERACTION_TYPE_FANS, androidx.tvprovider.media.tv.TvContractCompat.PreviewProgramColumns.INTERACTION_TYPE_LIKES, androidx.tvprovider.media.tv.TvContractCompat.PreviewProgramColumns.INTERACTION_TYPE_THUMBS, androidx.tvprovider.media.tv.TvContractCompat.PreviewProgramColumns.INTERACTION_TYPE_VIEWERS}" />
    </annotation>
  </item>
  <item name="android.support.media.tv.BasePreviewProgram.TvSeriesItemType">
    <annotation name="android.support.annotation.IntDef">
      <val name="value" val="{androidx.tvprovider.media.tv.TvContractCompat.PreviewProgramColumns.TV_SERIES_ITEM_TYPE_EPISODE, androidx.tvprovider.media.tv.TvContractCompat.PreviewProgramColumns.TV_SERIES_ITEM_TYPE_CHAPTER}" />
    </annotation>
  </item>
  <item name="android.support.media.tv.BasePreviewProgram.Type">
    <annotation name="android.support.annotation.IntDef">
      <val name="value" val="{androidx.tvprovider.media.tv.BasePreviewProgram.TYPE_UNKNOWN, androidx.tvprovider.media.tv.TvContractCompat.PreviewProgramColumns.TYPE_MOVIE, androidx.tvprovider.media.tv.TvContractCompat.PreviewProgramColumns.TYPE_TV_SERIES, androidx.tvprovider.media.tv.TvContractCompat.PreviewProgramColumns.TYPE_TV_SEASON, androidx.tvprovider.media.tv.TvContractCompat.PreviewProgramColumns.TYPE_TV_EPISODE, androidx.tvprovider.media.tv.TvContractCompat.PreviewProgramColumns.TYPE_CLIP, androidx.tvprovider.media.tv.TvContractCompat.PreviewProgramColumns.TYPE_EVENT, androidx.tvprovider.media.tv.TvContractCompat.PreviewProgramColumns.TYPE_CHANNEL, androidx.tvprovider.media.tv.TvContractCompat.PreviewProgramColumns.TYPE_TRACK, androidx.tvprovider.media.tv.TvContractCompat.PreviewProgramColumns.TYPE_ALBUM, androidx.tvprovider.media.tv.TvContractCompat.PreviewProgramColumns.TYPE_ARTIST, androidx.tvprovider.media.tv.TvContractCompat.PreviewProgramColumns.TYPE_PLAYLIST, androidx.tvprovider.media.tv.TvContractCompat.PreviewProgramColumns.TYPE_STATION, androidx.tvprovider.media.tv.TvContractCompat.PreviewProgramColumns.TYPE_GAME}" />
    </annotation>
  </item>
  <item name="androidx.tvprovider.media.tv.BaseProgram int getReviewRatingStyle()">
    <annotation name="android.support.annotation.IntDef">
      <val name="value" val="{androidx.tvprovider.media.tv.BaseProgram.REVIEW_RATING_STYLE_UNKNOWN, androidx.tvprovider.media.tv.TvContractCompat.ProgramColumns.REVIEW_RATING_STYLE_STARS, androidx.tvprovider.media.tv.TvContractCompat.ProgramColumns.REVIEW_RATING_STYLE_THUMBS_UP_DOWN, androidx.tvprovider.media.tv.TvContractCompat.ProgramColumns.REVIEW_RATING_STYLE_PERCENTAGE}" />
    </annotation>
  </item>
  <item name="androidx.tvprovider.media.tv.BaseProgram java.lang.String[] getCanonicalGenres()">
    <annotation name="android.support.annotation.StringDef">
      <val name="value" val="{androidx.tvprovider.media.tv.TvContractCompat.Programs.Genres.FAMILY_KIDS, androidx.tvprovider.media.tv.TvContractCompat.Programs.Genres.SPORTS, androidx.tvprovider.media.tv.TvContractCompat.Programs.Genres.SHOPPING, androidx.tvprovider.media.tv.TvContractCompat.Programs.Genres.MOVIES, androidx.tvprovider.media.tv.TvContractCompat.Programs.Genres.COMEDY, androidx.tvprovider.media.tv.TvContractCompat.Programs.Genres.TRAVEL, androidx.tvprovider.media.tv.TvContractCompat.Programs.Genres.DRAMA, androidx.tvprovider.media.tv.TvContractCompat.Programs.Genres.EDUCATION, androidx.tvprovider.media.tv.TvContractCompat.Programs.Genres.ANIMAL_WILDLIFE, androidx.tvprovider.media.tv.TvContractCompat.Programs.Genres.NEWS, androidx.tvprovider.media.tv.TvContractCompat.Programs.Genres.GAMING, androidx.tvprovider.media.tv.TvContractCompat.Programs.Genres.ARTS, androidx.tvprovider.media.tv.TvContractCompat.Programs.Genres.ENTERTAINMENT, androidx.tvprovider.media.tv.TvContractCompat.Programs.Genres.LIFE_STYLE, androidx.tvprovider.media.tv.TvContractCompat.Programs.Genres.MUSIC, androidx.tvprovider.media.tv.TvContractCompat.Programs.Genres.PREMIER, androidx.tvprovider.media.tv.TvContractCompat.Programs.Genres.TECH_SCIENCE}" />
    </annotation>
  </item>
  <item name="androidx.tvprovider.media.tv.BaseProgram.Builder T setCanonicalGenres(java.lang.String[]) 0">
    <annotation name="android.support.annotation.StringDef">
      <val name="value" val="{androidx.tvprovider.media.tv.TvContractCompat.Programs.Genres.FAMILY_KIDS, androidx.tvprovider.media.tv.TvContractCompat.Programs.Genres.SPORTS, androidx.tvprovider.media.tv.TvContractCompat.Programs.Genres.SHOPPING, androidx.tvprovider.media.tv.TvContractCompat.Programs.Genres.MOVIES, androidx.tvprovider.media.tv.TvContractCompat.Programs.Genres.COMEDY, androidx.tvprovider.media.tv.TvContractCompat.Programs.Genres.TRAVEL, androidx.tvprovider.media.tv.TvContractCompat.Programs.Genres.DRAMA, androidx.tvprovider.media.tv.TvContractCompat.Programs.Genres.EDUCATION, androidx.tvprovider.media.tv.TvContractCompat.Programs.Genres.ANIMAL_WILDLIFE, androidx.tvprovider.media.tv.TvContractCompat.Programs.Genres.NEWS, androidx.tvprovider.media.tv.TvContractCompat.Programs.Genres.GAMING, androidx.tvprovider.media.tv.TvContractCompat.Programs.Genres.ARTS, androidx.tvprovider.media.tv.TvContractCompat.Programs.Genres.ENTERTAINMENT, androidx.tvprovider.media.tv.TvContractCompat.Programs.Genres.LIFE_STYLE, androidx.tvprovider.media.tv.TvContractCompat.Programs.Genres.MUSIC, androidx.tvprovider.media.tv.TvContractCompat.Programs.Genres.PREMIER, androidx.tvprovider.media.tv.TvContractCompat.Programs.Genres.TECH_SCIENCE}" />
    </annotation>
  </item>
  <item name="androidx.tvprovider.media.tv.BaseProgram.Builder T setReviewRatingStyle(int) 0">
    <annotation name="android.support.annotation.IntDef">
      <val name="value" val="{androidx.tvprovider.media.tv.BaseProgram.REVIEW_RATING_STYLE_UNKNOWN, androidx.tvprovider.media.tv.TvContractCompat.ProgramColumns.REVIEW_RATING_STYLE_STARS, androidx.tvprovider.media.tv.TvContractCompat.ProgramColumns.REVIEW_RATING_STYLE_THUMBS_UP_DOWN, androidx.tvprovider.media.tv.TvContractCompat.ProgramColumns.REVIEW_RATING_STYLE_PERCENTAGE}" />
    </annotation>
  </item>
  <item name="androidx.tvprovider.media.tv.Channel java.lang.String getServiceType()">
    <annotation name="android.support.annotation.StringDef">
      <val name="value" val="{androidx.tvprovider.media.tv.TvContractCompat.Channels.SERVICE_TYPE_OTHER, androidx.tvprovider.media.tv.TvContractCompat.Channels.SERVICE_TYPE_AUDIO_VIDEO, androidx.tvprovider.media.tv.TvContractCompat.Channels.SERVICE_TYPE_AUDIO}" />
    </annotation>
  </item>
  <item name="androidx.tvprovider.media.tv.Channel java.lang.String getType()">
    <annotation name="android.support.annotation.StringDef">
      <val name="value" val="{androidx.tvprovider.media.tv.TvContractCompat.Channels.TYPE_OTHER, androidx.tvprovider.media.tv.TvContractCompat.Channels.TYPE_NTSC, androidx.tvprovider.media.tv.TvContractCompat.Channels.TYPE_PAL, androidx.tvprovider.media.tv.TvContractCompat.Channels.TYPE_SECAM, androidx.tvprovider.media.tv.TvContractCompat.Channels.TYPE_DVB_T, androidx.tvprovider.media.tv.TvContractCompat.Channels.TYPE_DVB_T2, androidx.tvprovider.media.tv.TvContractCompat.Channels.TYPE_DVB_S, androidx.tvprovider.media.tv.TvContractCompat.Channels.TYPE_DVB_S2, androidx.tvprovider.media.tv.TvContractCompat.Channels.TYPE_DVB_C, androidx.tvprovider.media.tv.TvContractCompat.Channels.TYPE_DVB_C2, androidx.tvprovider.media.tv.TvContractCompat.Channels.TYPE_DVB_H, androidx.tvprovider.media.tv.TvContractCompat.Channels.TYPE_DVB_SH, androidx.tvprovider.media.tv.TvContractCompat.Channels.TYPE_ATSC_T, androidx.tvprovider.media.tv.TvContractCompat.Channels.TYPE_ATSC_C, androidx.tvprovider.media.tv.TvContractCompat.Channels.TYPE_ATSC_M_H, androidx.tvprovider.media.tv.TvContractCompat.Channels.TYPE_ISDB_T, androidx.tvprovider.media.tv.TvContractCompat.Channels.TYPE_ISDB_TB, androidx.tvprovider.media.tv.TvContractCompat.Channels.TYPE_ISDB_S, androidx.tvprovider.media.tv.TvContractCompat.Channels.TYPE_ISDB_C, androidx.tvprovider.media.tv.TvContractCompat.Channels.TYPE_1SEG, androidx.tvprovider.media.tv.TvContractCompat.Channels.TYPE_DTMB, androidx.tvprovider.media.tv.TvContractCompat.Channels.TYPE_CMMB, androidx.tvprovider.media.tv.TvContractCompat.Channels.TYPE_T_DMB, androidx.tvprovider.media.tv.TvContractCompat.Channels.TYPE_S_DMB, androidx.tvprovider.media.tv.TvContractCompat.Channels.TYPE_PREVIEW}" />
    </annotation>
  </item>
  <item name="androidx.tvprovider.media.tv.Channel java.lang.String getVideoFormat()">
    <annotation name="android.support.annotation.StringDef">
      <val name="value" val="{androidx.tvprovider.media.tv.TvContractCompat.Channels.VIDEO_FORMAT_240P, androidx.tvprovider.media.tv.TvContractCompat.Channels.VIDEO_FORMAT_360P, androidx.tvprovider.media.tv.TvContractCompat.Channels.VIDEO_FORMAT_480I, androidx.tvprovider.media.tv.TvContractCompat.Channels.VIDEO_FORMAT_576I, androidx.tvprovider.media.tv.TvContractCompat.Channels.VIDEO_FORMAT_576P, androidx.tvprovider.media.tv.TvContractCompat.Channels.VIDEO_FORMAT_720P, androidx.tvprovider.media.tv.TvContractCompat.Channels.VIDEO_FORMAT_1080I, androidx.tvprovider.media.tv.TvContractCompat.Channels.VIDEO_FORMAT_1080P, androidx.tvprovider.media.tv.TvContractCompat.Channels.VIDEO_FORMAT_2160P, androidx.tvprovider.media.tv.TvContractCompat.Channels.VIDEO_FORMAT_4320P}" />
    </annotation>
  </item>
  <item name="androidx.tvprovider.media.tv.Channel.Builder androidx.tvprovider.media.tv.Channel.Builder setServiceType(java.lang.String) 0">
    <annotation name="android.support.annotation.StringDef">
      <val name="value" val="{androidx.tvprovider.media.tv.TvContractCompat.Channels.SERVICE_TYPE_OTHER, androidx.tvprovider.media.tv.TvContractCompat.Channels.SERVICE_TYPE_AUDIO_VIDEO, androidx.tvprovider.media.tv.TvContractCompat.Channels.SERVICE_TYPE_AUDIO}" />
    </annotation>
  </item>
  <item name="androidx.tvprovider.media.tv.Channel.Builder androidx.tvprovider.media.tv.Channel.Builder setType(java.lang.String) 0">
    <annotation name="android.support.annotation.StringDef">
      <val name="value" val="{androidx.tvprovider.media.tv.TvContractCompat.Channels.TYPE_OTHER, androidx.tvprovider.media.tv.TvContractCompat.Channels.TYPE_NTSC, androidx.tvprovider.media.tv.TvContractCompat.Channels.TYPE_PAL, androidx.tvprovider.media.tv.TvContractCompat.Channels.TYPE_SECAM, androidx.tvprovider.media.tv.TvContractCompat.Channels.TYPE_DVB_T, androidx.tvprovider.media.tv.TvContractCompat.Channels.TYPE_DVB_T2, androidx.tvprovider.media.tv.TvContractCompat.Channels.TYPE_DVB_S, androidx.tvprovider.media.tv.TvContractCompat.Channels.TYPE_DVB_S2, androidx.tvprovider.media.tv.TvContractCompat.Channels.TYPE_DVB_C, androidx.tvprovider.media.tv.TvContractCompat.Channels.TYPE_DVB_C2, androidx.tvprovider.media.tv.TvContractCompat.Channels.TYPE_DVB_H, androidx.tvprovider.media.tv.TvContractCompat.Channels.TYPE_DVB_SH, androidx.tvprovider.media.tv.TvContractCompat.Channels.TYPE_ATSC_T, androidx.tvprovider.media.tv.TvContractCompat.Channels.TYPE_ATSC_C, androidx.tvprovider.media.tv.TvContractCompat.Channels.TYPE_ATSC_M_H, androidx.tvprovider.media.tv.TvContractCompat.Channels.TYPE_ISDB_T, androidx.tvprovider.media.tv.TvContractCompat.Channels.TYPE_ISDB_TB, androidx.tvprovider.media.tv.TvContractCompat.Channels.TYPE_ISDB_S, androidx.tvprovider.media.tv.TvContractCompat.Channels.TYPE_ISDB_C, androidx.tvprovider.media.tv.TvContractCompat.Channels.TYPE_1SEG, androidx.tvprovider.media.tv.TvContractCompat.Channels.TYPE_DTMB, androidx.tvprovider.media.tv.TvContractCompat.Channels.TYPE_CMMB, androidx.tvprovider.media.tv.TvContractCompat.Channels.TYPE_T_DMB, androidx.tvprovider.media.tv.TvContractCompat.Channels.TYPE_S_DMB, androidx.tvprovider.media.tv.TvContractCompat.Channels.TYPE_PREVIEW}" />
    </annotation>
  </item>
  <item name="androidx.tvprovider.media.tv.Channel.Builder androidx.tvprovider.media.tv.Channel.Builder setVideoFormat(java.lang.String) 0">
    <annotation name="android.support.annotation.StringDef">
      <val name="value" val="{androidx.tvprovider.media.tv.TvContractCompat.Channels.VIDEO_FORMAT_240P, androidx.tvprovider.media.tv.TvContractCompat.Channels.VIDEO_FORMAT_360P, androidx.tvprovider.media.tv.TvContractCompat.Channels.VIDEO_FORMAT_480I, androidx.tvprovider.media.tv.TvContractCompat.Channels.VIDEO_FORMAT_576I, androidx.tvprovider.media.tv.TvContractCompat.Channels.VIDEO_FORMAT_576P, androidx.tvprovider.media.tv.TvContractCompat.Channels.VIDEO_FORMAT_720P, androidx.tvprovider.media.tv.TvContractCompat.Channels.VIDEO_FORMAT_1080I, androidx.tvprovider.media.tv.TvContractCompat.Channels.VIDEO_FORMAT_1080P, androidx.tvprovider.media.tv.TvContractCompat.Channels.VIDEO_FORMAT_2160P, androidx.tvprovider.media.tv.TvContractCompat.Channels.VIDEO_FORMAT_4320P}" />
    </annotation>
  </item>
  <item name="androidx.tvprovider.media.tv.PreviewChannel java.lang.String getType()">
    <annotation name="android.support.annotation.StringDef">
      <val name="value" val="{androidx.tvprovider.media.tv.TvContractCompat.Channels.TYPE_OTHER, androidx.tvprovider.media.tv.TvContractCompat.Channels.TYPE_NTSC, androidx.tvprovider.media.tv.TvContractCompat.Channels.TYPE_PAL, androidx.tvprovider.media.tv.TvContractCompat.Channels.TYPE_SECAM, androidx.tvprovider.media.tv.TvContractCompat.Channels.TYPE_DVB_T, androidx.tvprovider.media.tv.TvContractCompat.Channels.TYPE_DVB_T2, androidx.tvprovider.media.tv.TvContractCompat.Channels.TYPE_DVB_S, androidx.tvprovider.media.tv.TvContractCompat.Channels.TYPE_DVB_S2, androidx.tvprovider.media.tv.TvContractCompat.Channels.TYPE_DVB_C, androidx.tvprovider.media.tv.TvContractCompat.Channels.TYPE_DVB_C2, androidx.tvprovider.media.tv.TvContractCompat.Channels.TYPE_DVB_H, androidx.tvprovider.media.tv.TvContractCompat.Channels.TYPE_DVB_SH, androidx.tvprovider.media.tv.TvContractCompat.Channels.TYPE_ATSC_T, androidx.tvprovider.media.tv.TvContractCompat.Channels.TYPE_ATSC_C, androidx.tvprovider.media.tv.TvContractCompat.Channels.TYPE_ATSC_M_H, androidx.tvprovider.media.tv.TvContractCompat.Channels.TYPE_ISDB_T, androidx.tvprovider.media.tv.TvContractCompat.Channels.TYPE_ISDB_TB, androidx.tvprovider.media.tv.TvContractCompat.Channels.TYPE_ISDB_S, androidx.tvprovider.media.tv.TvContractCompat.Channels.TYPE_ISDB_C, androidx.tvprovider.media.tv.TvContractCompat.Channels.TYPE_1SEG, androidx.tvprovider.media.tv.TvContractCompat.Channels.TYPE_DTMB, androidx.tvprovider.media.tv.TvContractCompat.Channels.TYPE_CMMB, androidx.tvprovider.media.tv.TvContractCompat.Channels.TYPE_T_DMB, androidx.tvprovider.media.tv.TvContractCompat.Channels.TYPE_S_DMB, androidx.tvprovider.media.tv.TvContractCompat.Channels.TYPE_PREVIEW}" />
    </annotation>
  </item>
  <item name="androidx.tvprovider.media.tv.PreviewChannel.Builder androidx.tvprovider.media.tv.PreviewChannel.Builder setType(java.lang.String) 0">
    <annotation name="android.support.annotation.StringDef">
      <val name="value" val="{androidx.tvprovider.media.tv.TvContractCompat.Channels.TYPE_OTHER, androidx.tvprovider.media.tv.TvContractCompat.Channels.TYPE_NTSC, androidx.tvprovider.media.tv.TvContractCompat.Channels.TYPE_PAL, androidx.tvprovider.media.tv.TvContractCompat.Channels.TYPE_SECAM, androidx.tvprovider.media.tv.TvContractCompat.Channels.TYPE_DVB_T, androidx.tvprovider.media.tv.TvContractCompat.Channels.TYPE_DVB_T2, androidx.tvprovider.media.tv.TvContractCompat.Channels.TYPE_DVB_S, androidx.tvprovider.media.tv.TvContractCompat.Channels.TYPE_DVB_S2, androidx.tvprovider.media.tv.TvContractCompat.Channels.TYPE_DVB_C, androidx.tvprovider.media.tv.TvContractCompat.Channels.TYPE_DVB_C2, androidx.tvprovider.media.tv.TvContractCompat.Channels.TYPE_DVB_H, androidx.tvprovider.media.tv.TvContractCompat.Channels.TYPE_DVB_SH, androidx.tvprovider.media.tv.TvContractCompat.Channels.TYPE_ATSC_T, androidx.tvprovider.media.tv.TvContractCompat.Channels.TYPE_ATSC_C, androidx.tvprovider.media.tv.TvContractCompat.Channels.TYPE_ATSC_M_H, androidx.tvprovider.media.tv.TvContractCompat.Channels.TYPE_ISDB_T, androidx.tvprovider.media.tv.TvContractCompat.Channels.TYPE_ISDB_TB, androidx.tvprovider.media.tv.TvContractCompat.Channels.TYPE_ISDB_S, androidx.tvprovider.media.tv.TvContractCompat.Channels.TYPE_ISDB_C, androidx.tvprovider.media.tv.TvContractCompat.Channels.TYPE_1SEG, androidx.tvprovider.media.tv.TvContractCompat.Channels.TYPE_DTMB, androidx.tvprovider.media.tv.TvContractCompat.Channels.TYPE_CMMB, androidx.tvprovider.media.tv.TvContractCompat.Channels.TYPE_T_DMB, androidx.tvprovider.media.tv.TvContractCompat.Channels.TYPE_S_DMB, androidx.tvprovider.media.tv.TvContractCompat.Channels.TYPE_PREVIEW}" />
    </annotation>
  </item>
  <item name="androidx.tvprovider.media.tv.Program.Builder androidx.tvprovider.media.tv.Program.Builder setBroadcastGenres(java.lang.String[]) 0">
    <annotation name="android.support.annotation.StringDef">
      <val name="value" val="{androidx.tvprovider.media.tv.TvContractCompat.Programs.Genres.FAMILY_KIDS, androidx.tvprovider.media.tv.TvContractCompat.Programs.Genres.SPORTS, androidx.tvprovider.media.tv.TvContractCompat.Programs.Genres.SHOPPING, androidx.tvprovider.media.tv.TvContractCompat.Programs.Genres.MOVIES, androidx.tvprovider.media.tv.TvContractCompat.Programs.Genres.COMEDY, androidx.tvprovider.media.tv.TvContractCompat.Programs.Genres.TRAVEL, androidx.tvprovider.media.tv.TvContractCompat.Programs.Genres.DRAMA, androidx.tvprovider.media.tv.TvContractCompat.Programs.Genres.EDUCATION, androidx.tvprovider.media.tv.TvContractCompat.Programs.Genres.ANIMAL_WILDLIFE, androidx.tvprovider.media.tv.TvContractCompat.Programs.Genres.NEWS, androidx.tvprovider.media.tv.TvContractCompat.Programs.Genres.GAMING, androidx.tvprovider.media.tv.TvContractCompat.Programs.Genres.ARTS, androidx.tvprovider.media.tv.TvContractCompat.Programs.Genres.ENTERTAINMENT, androidx.tvprovider.media.tv.TvContractCompat.Programs.Genres.LIFE_STYLE, androidx.tvprovider.media.tv.TvContractCompat.Programs.Genres.MUSIC, androidx.tvprovider.media.tv.TvContractCompat.Programs.Genres.PREMIER, androidx.tvprovider.media.tv.TvContractCompat.Programs.Genres.TECH_SCIENCE}" />
    </annotation>
  </item>
  <item name="androidx.tvprovider.media.tv.TvContractCompat.Channels java.lang.String getVideoResolution(java.lang.String) 0">
    <annotation name="android.support.annotation.StringDef">
      <val name="value" val="{androidx.tvprovider.media.tv.TvContractCompat.Channels.VIDEO_FORMAT_240P, androidx.tvprovider.media.tv.TvContractCompat.Channels.VIDEO_FORMAT_360P, androidx.tvprovider.media.tv.TvContractCompat.Channels.VIDEO_FORMAT_480I, androidx.tvprovider.media.tv.TvContractCompat.Channels.VIDEO_FORMAT_576I, androidx.tvprovider.media.tv.TvContractCompat.Channels.VIDEO_FORMAT_576P, androidx.tvprovider.media.tv.TvContractCompat.Channels.VIDEO_FORMAT_720P, androidx.tvprovider.media.tv.TvContractCompat.Channels.VIDEO_FORMAT_1080I, androidx.tvprovider.media.tv.TvContractCompat.Channels.VIDEO_FORMAT_1080P, androidx.tvprovider.media.tv.TvContractCompat.Channels.VIDEO_FORMAT_2160P, androidx.tvprovider.media.tv.TvContractCompat.Channels.VIDEO_FORMAT_4320P}" />
    </annotation>
  </item>
  <item name="android.support.media.tv.TvContractCompat.Channels.ServiceType">
    <annotation name="android.support.annotation.StringDef">
      <val name="value" val="{androidx.tvprovider.media.tv.TvContractCompat.Channels.SERVICE_TYPE_OTHER, androidx.tvprovider.media.tv.TvContractCompat.Channels.SERVICE_TYPE_AUDIO_VIDEO, androidx.tvprovider.media.tv.TvContractCompat.Channels.SERVICE_TYPE_AUDIO}" />
    </annotation>
  </item>
  <item name="android.support.media.tv.TvContractCompat.Channels.Type">
    <annotation name="android.support.annotation.StringDef">
      <val name="value" val="{androidx.tvprovider.media.tv.TvContractCompat.Channels.TYPE_OTHER, androidx.tvprovider.media.tv.TvContractCompat.Channels.TYPE_NTSC, androidx.tvprovider.media.tv.TvContractCompat.Channels.TYPE_PAL, androidx.tvprovider.media.tv.TvContractCompat.Channels.TYPE_SECAM, androidx.tvprovider.media.tv.TvContractCompat.Channels.TYPE_DVB_T, androidx.tvprovider.media.tv.TvContractCompat.Channels.TYPE_DVB_T2, androidx.tvprovider.media.tv.TvContractCompat.Channels.TYPE_DVB_S, androidx.tvprovider.media.tv.TvContractCompat.Channels.TYPE_DVB_S2, androidx.tvprovider.media.tv.TvContractCompat.Channels.TYPE_DVB_C, androidx.tvprovider.media.tv.TvContractCompat.Channels.TYPE_DVB_C2, androidx.tvprovider.media.tv.TvContractCompat.Channels.TYPE_DVB_H, androidx.tvprovider.media.tv.TvContractCompat.Channels.TYPE_DVB_SH, androidx.tvprovider.media.tv.TvContractCompat.Channels.TYPE_ATSC_T, androidx.tvprovider.media.tv.TvContractCompat.Channels.TYPE_ATSC_C, androidx.tvprovider.media.tv.TvContractCompat.Channels.TYPE_ATSC_M_H, androidx.tvprovider.media.tv.TvContractCompat.Channels.TYPE_ISDB_T, androidx.tvprovider.media.tv.TvContractCompat.Channels.TYPE_ISDB_TB, androidx.tvprovider.media.tv.TvContractCompat.Channels.TYPE_ISDB_S, androidx.tvprovider.media.tv.TvContractCompat.Channels.TYPE_ISDB_C, androidx.tvprovider.media.tv.TvContractCompat.Channels.TYPE_1SEG, androidx.tvprovider.media.tv.TvContractCompat.Channels.TYPE_DTMB, androidx.tvprovider.media.tv.TvContractCompat.Channels.TYPE_CMMB, androidx.tvprovider.media.tv.TvContractCompat.Channels.TYPE_T_DMB, androidx.tvprovider.media.tv.TvContractCompat.Channels.TYPE_S_DMB, androidx.tvprovider.media.tv.TvContractCompat.Channels.TYPE_PREVIEW}" />
    </annotation>
  </item>
  <item name="android.support.media.tv.TvContractCompat.Channels.VideoFormat">
    <annotation name="android.support.annotation.StringDef">
      <val name="value" val="{androidx.tvprovider.media.tv.TvContractCompat.Channels.VIDEO_FORMAT_240P, androidx.tvprovider.media.tv.TvContractCompat.Channels.VIDEO_FORMAT_360P, androidx.tvprovider.media.tv.TvContractCompat.Channels.VIDEO_FORMAT_480I, androidx.tvprovider.media.tv.TvContractCompat.Channels.VIDEO_FORMAT_576I, androidx.tvprovider.media.tv.TvContractCompat.Channels.VIDEO_FORMAT_576P, androidx.tvprovider.media.tv.TvContractCompat.Channels.VIDEO_FORMAT_720P, androidx.tvprovider.media.tv.TvContractCompat.Channels.VIDEO_FORMAT_1080I, androidx.tvprovider.media.tv.TvContractCompat.Channels.VIDEO_FORMAT_1080P, androidx.tvprovider.media.tv.TvContractCompat.Channels.VIDEO_FORMAT_2160P, androidx.tvprovider.media.tv.TvContractCompat.Channels.VIDEO_FORMAT_4320P}" />
    </annotation>
  </item>
  <item name="android.support.media.tv.TvContractCompat.Channels.VideoResolution">
    <annotation name="android.support.annotation.StringDef">
      <val name="value" val="{androidx.tvprovider.media.tv.TvContractCompat.Channels.VIDEO_RESOLUTION_SD, androidx.tvprovider.media.tv.TvContractCompat.Channels.VIDEO_RESOLUTION_ED, androidx.tvprovider.media.tv.TvContractCompat.Channels.VIDEO_RESOLUTION_HD, androidx.tvprovider.media.tv.TvContractCompat.Channels.VIDEO_RESOLUTION_FHD, androidx.tvprovider.media.tv.TvContractCompat.Channels.VIDEO_RESOLUTION_UHD}" />
    </annotation>
  </item>
  <item name="androidx.tvprovider.media.tv.TvContractCompat.Programs.Genres java.lang.String encode(java.lang.String...) 0">
    <annotation name="android.support.annotation.StringDef">
      <val name="value" val="{androidx.tvprovider.media.tv.TvContractCompat.Programs.Genres.FAMILY_KIDS, androidx.tvprovider.media.tv.TvContractCompat.Programs.Genres.SPORTS, androidx.tvprovider.media.tv.TvContractCompat.Programs.Genres.SHOPPING, androidx.tvprovider.media.tv.TvContractCompat.Programs.Genres.MOVIES, androidx.tvprovider.media.tv.TvContractCompat.Programs.Genres.COMEDY, androidx.tvprovider.media.tv.TvContractCompat.Programs.Genres.TRAVEL, androidx.tvprovider.media.tv.TvContractCompat.Programs.Genres.DRAMA, androidx.tvprovider.media.tv.TvContractCompat.Programs.Genres.EDUCATION, androidx.tvprovider.media.tv.TvContractCompat.Programs.Genres.ANIMAL_WILDLIFE, androidx.tvprovider.media.tv.TvContractCompat.Programs.Genres.NEWS, androidx.tvprovider.media.tv.TvContractCompat.Programs.Genres.GAMING, androidx.tvprovider.media.tv.TvContractCompat.Programs.Genres.ARTS, androidx.tvprovider.media.tv.TvContractCompat.Programs.Genres.ENTERTAINMENT, androidx.tvprovider.media.tv.TvContractCompat.Programs.Genres.LIFE_STYLE, androidx.tvprovider.media.tv.TvContractCompat.Programs.Genres.MUSIC, androidx.tvprovider.media.tv.TvContractCompat.Programs.Genres.PREMIER, androidx.tvprovider.media.tv.TvContractCompat.Programs.Genres.TECH_SCIENCE}" />
    </annotation>
  </item>
  <item name="androidx.tvprovider.media.tv.TvContractCompat.Programs.Genres java.lang.String[] decode(java.lang.String)">
    <annotation name="android.support.annotation.StringDef">
      <val name="value" val="{androidx.tvprovider.media.tv.TvContractCompat.Programs.Genres.FAMILY_KIDS, androidx.tvprovider.media.tv.TvContractCompat.Programs.Genres.SPORTS, androidx.tvprovider.media.tv.TvContractCompat.Programs.Genres.SHOPPING, androidx.tvprovider.media.tv.TvContractCompat.Programs.Genres.MOVIES, androidx.tvprovider.media.tv.TvContractCompat.Programs.Genres.COMEDY, androidx.tvprovider.media.tv.TvContractCompat.Programs.Genres.TRAVEL, androidx.tvprovider.media.tv.TvContractCompat.Programs.Genres.DRAMA, androidx.tvprovider.media.tv.TvContractCompat.Programs.Genres.EDUCATION, androidx.tvprovider.media.tv.TvContractCompat.Programs.Genres.ANIMAL_WILDLIFE, androidx.tvprovider.media.tv.TvContractCompat.Programs.Genres.NEWS, androidx.tvprovider.media.tv.TvContractCompat.Programs.Genres.GAMING, androidx.tvprovider.media.tv.TvContractCompat.Programs.Genres.ARTS, androidx.tvprovider.media.tv.TvContractCompat.Programs.Genres.ENTERTAINMENT, androidx.tvprovider.media.tv.TvContractCompat.Programs.Genres.LIFE_STYLE, androidx.tvprovider.media.tv.TvContractCompat.Programs.Genres.MUSIC, androidx.tvprovider.media.tv.TvContractCompat.Programs.Genres.PREMIER, androidx.tvprovider.media.tv.TvContractCompat.Programs.Genres.TECH_SCIENCE}" />
    </annotation>
  </item>
  <item name="android.support.media.tv.TvContractCompat.Programs.Genres.Genre">
    <annotation name="android.support.annotation.StringDef">
      <val name="value" val="{androidx.tvprovider.media.tv.TvContractCompat.Programs.Genres.FAMILY_KIDS, androidx.tvprovider.media.tv.TvContractCompat.Programs.Genres.SPORTS, androidx.tvprovider.media.tv.TvContractCompat.Programs.Genres.SHOPPING, androidx.tvprovider.media.tv.TvContractCompat.Programs.Genres.MOVIES, androidx.tvprovider.media.tv.TvContractCompat.Programs.Genres.COMEDY, androidx.tvprovider.media.tv.TvContractCompat.Programs.Genres.TRAVEL, androidx.tvprovider.media.tv.TvContractCompat.Programs.Genres.DRAMA, androidx.tvprovider.media.tv.TvContractCompat.Programs.Genres.EDUCATION, androidx.tvprovider.media.tv.TvContractCompat.Programs.Genres.ANIMAL_WILDLIFE, androidx.tvprovider.media.tv.TvContractCompat.Programs.Genres.NEWS, androidx.tvprovider.media.tv.TvContractCompat.Programs.Genres.GAMING, androidx.tvprovider.media.tv.TvContractCompat.Programs.Genres.ARTS, androidx.tvprovider.media.tv.TvContractCompat.Programs.Genres.ENTERTAINMENT, androidx.tvprovider.media.tv.TvContractCompat.Programs.Genres.LIFE_STYLE, androidx.tvprovider.media.tv.TvContractCompat.Programs.Genres.MUSIC, androidx.tvprovider.media.tv.TvContractCompat.Programs.Genres.PREMIER, androidx.tvprovider.media.tv.TvContractCompat.Programs.Genres.TECH_SCIENCE}" />
    </annotation>
  </item>
  <item name="androidx.tvprovider.media.tv.WatchNextProgram int getWatchNextType()">
    <annotation name="android.support.annotation.IntDef">
      <val name="value" val="{androidx.tvprovider.media.tv.WatchNextProgram.WATCH_NEXT_TYPE_UNKNOWN, androidx.tvprovider.media.tv.TvContractCompat.WatchNextPrograms.WATCH_NEXT_TYPE_CONTINUE, androidx.tvprovider.media.tv.TvContractCompat.WatchNextPrograms.WATCH_NEXT_TYPE_NEXT, androidx.tvprovider.media.tv.TvContractCompat.WatchNextPrograms.WATCH_NEXT_TYPE_NEW, androidx.tvprovider.media.tv.TvContractCompat.WatchNextPrograms.WATCH_NEXT_TYPE_WATCHLIST}" />
    </annotation>
  </item>
  <item name="androidx.tvprovider.media.tv.WatchNextProgram.Builder androidx.tvprovider.media.tv.WatchNextProgram.Builder setWatchNextType(int) 0">
    <annotation name="android.support.annotation.IntDef">
      <val name="value" val="{androidx.tvprovider.media.tv.WatchNextProgram.WATCH_NEXT_TYPE_UNKNOWN, androidx.tvprovider.media.tv.TvContractCompat.WatchNextPrograms.WATCH_NEXT_TYPE_CONTINUE, androidx.tvprovider.media.tv.TvContractCompat.WatchNextPrograms.WATCH_NEXT_TYPE_NEXT, androidx.tvprovider.media.tv.TvContractCompat.WatchNextPrograms.WATCH_NEXT_TYPE_NEW, androidx.tvprovider.media.tv.TvContractCompat.WatchNextPrograms.WATCH_NEXT_TYPE_WATCHLIST}" />
    </annotation>
  </item>
  <item name="android.support.media.tv.WatchNextProgram.WatchNextType">
    <annotation name="android.support.annotation.IntDef">
      <val name="value" val="{androidx.tvprovider.media.tv.WatchNextProgram.WATCH_NEXT_TYPE_UNKNOWN, androidx.tvprovider.media.tv.TvContractCompat.WatchNextPrograms.WATCH_NEXT_TYPE_CONTINUE, androidx.tvprovider.media.tv.TvContractCompat.WatchNextPrograms.WATCH_NEXT_TYPE_NEXT, androidx.tvprovider.media.tv.TvContractCompat.WatchNextPrograms.WATCH_NEXT_TYPE_NEW, androidx.tvprovider.media.tv.TvContractCompat.WatchNextPrograms.WATCH_NEXT_TYPE_WATCHLIST}" />
    </annotation>
  </item>
</root>

