<?xml version="1.0" encoding="UTF-8"?>
<root>
  <item name="androidx.slice.Slice Slice(java.util.ArrayList&lt;androidx.slice.SliceItem&gt;, java.lang.String[], android.net.Uri, androidx.slice.SliceSpec) 1">
    <annotation name="android.support.annotation.StringDef">
      <val name="value" val="{android.app.slice.Slice.HINT_TITLE, android.app.slice.Slice.HINT_LIST, android.app.slice.Slice.HINT_LIST_ITEM, android.app.slice.Slice.HINT_LARGE, android.app.slice.Slice.HINT_ACTIONS, android.app.slice.Slice.HINT_SELECTED, android.app.slice.Slice.HINT_HORIZONTAL, android.app.slice.Slice.HINT_NO_TINT, android.app.slice.Slice.HINT_PARTIAL, android.app.slice.Slice.HINT_SUMMARY, android.app.slice.Slice.HINT_SEE_MORE, android.app.slice.Slice.HINT_SHORTCUT, android.app.slice.Slice.HINT_KEYWORDS, android.app.slice.Slice.HINT_TTL, android.app.slice.Slice.HINT_LAST_UPDATED, android.app.slice.Slice.HINT_PERMISSION_REQUEST, android.app.slice.Slice.HINT_ERROR, androidx.slice.core.SliceHints.HINT_ACTIVITY}" />
    </annotation>
  </item>
  <item name="androidx.slice.Slice boolean hasHint(java.lang.String) 0">
    <annotation name="android.support.annotation.StringDef">
      <val name="value" val="{android.app.slice.Slice.HINT_TITLE, android.app.slice.Slice.HINT_LIST, android.app.slice.Slice.HINT_LIST_ITEM, android.app.slice.Slice.HINT_LARGE, android.app.slice.Slice.HINT_ACTIONS, android.app.slice.Slice.HINT_SELECTED, android.app.slice.Slice.HINT_HORIZONTAL, android.app.slice.Slice.HINT_NO_TINT, android.app.slice.Slice.HINT_PARTIAL, android.app.slice.Slice.HINT_SUMMARY, android.app.slice.Slice.HINT_SEE_MORE, android.app.slice.Slice.HINT_SHORTCUT, android.app.slice.Slice.HINT_KEYWORDS, android.app.slice.Slice.HINT_TTL, android.app.slice.Slice.HINT_LAST_UPDATED, android.app.slice.Slice.HINT_PERMISSION_REQUEST, android.app.slice.Slice.HINT_ERROR, androidx.slice.core.SliceHints.HINT_ACTIVITY}" />
    </annotation>
  </item>
  <item name="androidx.slice.Slice java.util.List&lt;java.lang.String&gt; getHints()">
    <annotation name="android.support.annotation.StringDef">
      <val name="value" val="{android.app.slice.Slice.HINT_TITLE, android.app.slice.Slice.HINT_LIST, android.app.slice.Slice.HINT_LIST_ITEM, android.app.slice.Slice.HINT_LARGE, android.app.slice.Slice.HINT_ACTIONS, android.app.slice.Slice.HINT_SELECTED, android.app.slice.Slice.HINT_HORIZONTAL, android.app.slice.Slice.HINT_NO_TINT, android.app.slice.Slice.HINT_PARTIAL, android.app.slice.Slice.HINT_SUMMARY, android.app.slice.Slice.HINT_SEE_MORE, android.app.slice.Slice.HINT_SHORTCUT, android.app.slice.Slice.HINT_KEYWORDS, android.app.slice.Slice.HINT_TTL, android.app.slice.Slice.HINT_LAST_UPDATED, android.app.slice.Slice.HINT_PERMISSION_REQUEST, android.app.slice.Slice.HINT_ERROR, androidx.slice.core.SliceHints.HINT_ACTIVITY}" />
    </annotation>
  </item>
  <item name="androidx.slice.Slice mHints">
    <annotation name="android.support.annotation.StringDef">
      <val name="value" val="{android.app.slice.Slice.HINT_TITLE, android.app.slice.Slice.HINT_LIST, android.app.slice.Slice.HINT_LIST_ITEM, android.app.slice.Slice.HINT_LARGE, android.app.slice.Slice.HINT_ACTIONS, android.app.slice.Slice.HINT_SELECTED, android.app.slice.Slice.HINT_HORIZONTAL, android.app.slice.Slice.HINT_NO_TINT, android.app.slice.Slice.HINT_PARTIAL, android.app.slice.Slice.HINT_SUMMARY, android.app.slice.Slice.HINT_SEE_MORE, android.app.slice.Slice.HINT_SHORTCUT, android.app.slice.Slice.HINT_KEYWORDS, android.app.slice.Slice.HINT_TTL, android.app.slice.Slice.HINT_LAST_UPDATED, android.app.slice.Slice.HINT_PERMISSION_REQUEST, android.app.slice.Slice.HINT_ERROR, androidx.slice.core.SliceHints.HINT_ACTIVITY}" />
    </annotation>
  </item>
  <item name="androidx.slice.Slice.Builder androidx.slice.Slice.Builder addHints(java.lang.String...) 0">
    <annotation name="android.support.annotation.StringDef">
      <val name="value" val="{android.app.slice.Slice.HINT_TITLE, android.app.slice.Slice.HINT_LIST, android.app.slice.Slice.HINT_LIST_ITEM, android.app.slice.Slice.HINT_LARGE, android.app.slice.Slice.HINT_ACTIONS, android.app.slice.Slice.HINT_SELECTED, android.app.slice.Slice.HINT_HORIZONTAL, android.app.slice.Slice.HINT_NO_TINT, android.app.slice.Slice.HINT_PARTIAL, android.app.slice.Slice.HINT_SUMMARY, android.app.slice.Slice.HINT_SEE_MORE, android.app.slice.Slice.HINT_SHORTCUT, android.app.slice.Slice.HINT_KEYWORDS, android.app.slice.Slice.HINT_TTL, android.app.slice.Slice.HINT_LAST_UPDATED, android.app.slice.Slice.HINT_PERMISSION_REQUEST, android.app.slice.Slice.HINT_ERROR, androidx.slice.core.SliceHints.HINT_ACTIVITY}" />
    </annotation>
  </item>
  <item name="androidx.slice.Slice.Builder androidx.slice.Slice.Builder addHints(java.util.List&lt;java.lang.String&gt;) 0">
    <annotation name="android.support.annotation.StringDef">
      <val name="value" val="{android.app.slice.Slice.HINT_TITLE, android.app.slice.Slice.HINT_LIST, android.app.slice.Slice.HINT_LIST_ITEM, android.app.slice.Slice.HINT_LARGE, android.app.slice.Slice.HINT_ACTIONS, android.app.slice.Slice.HINT_SELECTED, android.app.slice.Slice.HINT_HORIZONTAL, android.app.slice.Slice.HINT_NO_TINT, android.app.slice.Slice.HINT_PARTIAL, android.app.slice.Slice.HINT_SUMMARY, android.app.slice.Slice.HINT_SEE_MORE, android.app.slice.Slice.HINT_SHORTCUT, android.app.slice.Slice.HINT_KEYWORDS, android.app.slice.Slice.HINT_TTL, android.app.slice.Slice.HINT_LAST_UPDATED, android.app.slice.Slice.HINT_PERMISSION_REQUEST, android.app.slice.Slice.HINT_ERROR, androidx.slice.core.SliceHints.HINT_ACTIVITY}" />
    </annotation>
  </item>
  <item name="androidx.slice.Slice.Builder androidx.slice.Slice.Builder addIcon(androidx.core.graphics.drawable.IconCompat, java.lang.String, java.lang.String...) 2">
    <annotation name="android.support.annotation.StringDef">
      <val name="value" val="{android.app.slice.Slice.HINT_TITLE, android.app.slice.Slice.HINT_LIST, android.app.slice.Slice.HINT_LIST_ITEM, android.app.slice.Slice.HINT_LARGE, android.app.slice.Slice.HINT_ACTIONS, android.app.slice.Slice.HINT_SELECTED, android.app.slice.Slice.HINT_HORIZONTAL, android.app.slice.Slice.HINT_NO_TINT, android.app.slice.Slice.HINT_PARTIAL, android.app.slice.Slice.HINT_SUMMARY, android.app.slice.Slice.HINT_SEE_MORE, android.app.slice.Slice.HINT_SHORTCUT, android.app.slice.Slice.HINT_KEYWORDS, android.app.slice.Slice.HINT_TTL, android.app.slice.Slice.HINT_LAST_UPDATED, android.app.slice.Slice.HINT_PERMISSION_REQUEST, android.app.slice.Slice.HINT_ERROR, androidx.slice.core.SliceHints.HINT_ACTIVITY}" />
    </annotation>
  </item>
  <item name="androidx.slice.Slice.Builder androidx.slice.Slice.Builder addIcon(androidx.core.graphics.drawable.IconCompat, java.lang.String, java.util.List&lt;java.lang.String&gt;) 2">
    <annotation name="android.support.annotation.StringDef">
      <val name="value" val="{android.app.slice.Slice.HINT_TITLE, android.app.slice.Slice.HINT_LIST, android.app.slice.Slice.HINT_LIST_ITEM, android.app.slice.Slice.HINT_LARGE, android.app.slice.Slice.HINT_ACTIONS, android.app.slice.Slice.HINT_SELECTED, android.app.slice.Slice.HINT_HORIZONTAL, android.app.slice.Slice.HINT_NO_TINT, android.app.slice.Slice.HINT_PARTIAL, android.app.slice.Slice.HINT_SUMMARY, android.app.slice.Slice.HINT_SEE_MORE, android.app.slice.Slice.HINT_SHORTCUT, android.app.slice.Slice.HINT_KEYWORDS, android.app.slice.Slice.HINT_TTL, android.app.slice.Slice.HINT_LAST_UPDATED, android.app.slice.Slice.HINT_PERMISSION_REQUEST, android.app.slice.Slice.HINT_ERROR, androidx.slice.core.SliceHints.HINT_ACTIVITY}" />
    </annotation>
  </item>
  <item name="androidx.slice.Slice.Builder androidx.slice.Slice.Builder addInt(int, java.lang.String, java.lang.String...) 2">
    <annotation name="android.support.annotation.StringDef">
      <val name="value" val="{android.app.slice.Slice.HINT_TITLE, android.app.slice.Slice.HINT_LIST, android.app.slice.Slice.HINT_LIST_ITEM, android.app.slice.Slice.HINT_LARGE, android.app.slice.Slice.HINT_ACTIONS, android.app.slice.Slice.HINT_SELECTED, android.app.slice.Slice.HINT_HORIZONTAL, android.app.slice.Slice.HINT_NO_TINT, android.app.slice.Slice.HINT_PARTIAL, android.app.slice.Slice.HINT_SUMMARY, android.app.slice.Slice.HINT_SEE_MORE, android.app.slice.Slice.HINT_SHORTCUT, android.app.slice.Slice.HINT_KEYWORDS, android.app.slice.Slice.HINT_TTL, android.app.slice.Slice.HINT_LAST_UPDATED, android.app.slice.Slice.HINT_PERMISSION_REQUEST, android.app.slice.Slice.HINT_ERROR, androidx.slice.core.SliceHints.HINT_ACTIVITY}" />
    </annotation>
  </item>
  <item name="androidx.slice.Slice.Builder androidx.slice.Slice.Builder addInt(int, java.lang.String, java.util.List&lt;java.lang.String&gt;) 2">
    <annotation name="android.support.annotation.StringDef">
      <val name="value" val="{android.app.slice.Slice.HINT_TITLE, android.app.slice.Slice.HINT_LIST, android.app.slice.Slice.HINT_LIST_ITEM, android.app.slice.Slice.HINT_LARGE, android.app.slice.Slice.HINT_ACTIONS, android.app.slice.Slice.HINT_SELECTED, android.app.slice.Slice.HINT_HORIZONTAL, android.app.slice.Slice.HINT_NO_TINT, android.app.slice.Slice.HINT_PARTIAL, android.app.slice.Slice.HINT_SUMMARY, android.app.slice.Slice.HINT_SEE_MORE, android.app.slice.Slice.HINT_SHORTCUT, android.app.slice.Slice.HINT_KEYWORDS, android.app.slice.Slice.HINT_TTL, android.app.slice.Slice.HINT_LAST_UPDATED, android.app.slice.Slice.HINT_PERMISSION_REQUEST, android.app.slice.Slice.HINT_ERROR, androidx.slice.core.SliceHints.HINT_ACTIVITY}" />
    </annotation>
  </item>
  <item name="androidx.slice.Slice.Builder androidx.slice.Slice.Builder addLong(long, java.lang.String, java.lang.String...) 2">
    <annotation name="android.support.annotation.StringDef">
      <val name="value" val="{android.app.slice.Slice.HINT_TITLE, android.app.slice.Slice.HINT_LIST, android.app.slice.Slice.HINT_LIST_ITEM, android.app.slice.Slice.HINT_LARGE, android.app.slice.Slice.HINT_ACTIONS, android.app.slice.Slice.HINT_SELECTED, android.app.slice.Slice.HINT_HORIZONTAL, android.app.slice.Slice.HINT_NO_TINT, android.app.slice.Slice.HINT_PARTIAL, android.app.slice.Slice.HINT_SUMMARY, android.app.slice.Slice.HINT_SEE_MORE, android.app.slice.Slice.HINT_SHORTCUT, android.app.slice.Slice.HINT_KEYWORDS, android.app.slice.Slice.HINT_TTL, android.app.slice.Slice.HINT_LAST_UPDATED, android.app.slice.Slice.HINT_PERMISSION_REQUEST, android.app.slice.Slice.HINT_ERROR, androidx.slice.core.SliceHints.HINT_ACTIVITY}" />
    </annotation>
  </item>
  <item name="androidx.slice.Slice.Builder androidx.slice.Slice.Builder addLong(long, java.lang.String, java.util.List&lt;java.lang.String&gt;) 2">
    <annotation name="android.support.annotation.StringDef">
      <val name="value" val="{android.app.slice.Slice.HINT_TITLE, android.app.slice.Slice.HINT_LIST, android.app.slice.Slice.HINT_LIST_ITEM, android.app.slice.Slice.HINT_LARGE, android.app.slice.Slice.HINT_ACTIONS, android.app.slice.Slice.HINT_SELECTED, android.app.slice.Slice.HINT_HORIZONTAL, android.app.slice.Slice.HINT_NO_TINT, android.app.slice.Slice.HINT_PARTIAL, android.app.slice.Slice.HINT_SUMMARY, android.app.slice.Slice.HINT_SEE_MORE, android.app.slice.Slice.HINT_SHORTCUT, android.app.slice.Slice.HINT_KEYWORDS, android.app.slice.Slice.HINT_TTL, android.app.slice.Slice.HINT_LAST_UPDATED, android.app.slice.Slice.HINT_PERMISSION_REQUEST, android.app.slice.Slice.HINT_ERROR, androidx.slice.core.SliceHints.HINT_ACTIVITY}" />
    </annotation>
  </item>
  <item name="androidx.slice.Slice.Builder androidx.slice.Slice.Builder addRemoteInput(android.app.RemoteInput, java.lang.String, java.lang.String...) 2">
    <annotation name="android.support.annotation.StringDef">
      <val name="value" val="{android.app.slice.Slice.HINT_TITLE, android.app.slice.Slice.HINT_LIST, android.app.slice.Slice.HINT_LIST_ITEM, android.app.slice.Slice.HINT_LARGE, android.app.slice.Slice.HINT_ACTIONS, android.app.slice.Slice.HINT_SELECTED, android.app.slice.Slice.HINT_HORIZONTAL, android.app.slice.Slice.HINT_NO_TINT, android.app.slice.Slice.HINT_PARTIAL, android.app.slice.Slice.HINT_SUMMARY, android.app.slice.Slice.HINT_SEE_MORE, android.app.slice.Slice.HINT_SHORTCUT, android.app.slice.Slice.HINT_KEYWORDS, android.app.slice.Slice.HINT_TTL, android.app.slice.Slice.HINT_LAST_UPDATED, android.app.slice.Slice.HINT_PERMISSION_REQUEST, android.app.slice.Slice.HINT_ERROR, androidx.slice.core.SliceHints.HINT_ACTIVITY}" />
    </annotation>
  </item>
  <item name="androidx.slice.Slice.Builder androidx.slice.Slice.Builder addRemoteInput(android.app.RemoteInput, java.lang.String, java.util.List&lt;java.lang.String&gt;) 2">
    <annotation name="android.support.annotation.StringDef">
      <val name="value" val="{android.app.slice.Slice.HINT_TITLE, android.app.slice.Slice.HINT_LIST, android.app.slice.Slice.HINT_LIST_ITEM, android.app.slice.Slice.HINT_LARGE, android.app.slice.Slice.HINT_ACTIONS, android.app.slice.Slice.HINT_SELECTED, android.app.slice.Slice.HINT_HORIZONTAL, android.app.slice.Slice.HINT_NO_TINT, android.app.slice.Slice.HINT_PARTIAL, android.app.slice.Slice.HINT_SUMMARY, android.app.slice.Slice.HINT_SEE_MORE, android.app.slice.Slice.HINT_SHORTCUT, android.app.slice.Slice.HINT_KEYWORDS, android.app.slice.Slice.HINT_TTL, android.app.slice.Slice.HINT_LAST_UPDATED, android.app.slice.Slice.HINT_PERMISSION_REQUEST, android.app.slice.Slice.HINT_ERROR, androidx.slice.core.SliceHints.HINT_ACTIVITY}" />
    </annotation>
  </item>
  <item name="androidx.slice.Slice.Builder androidx.slice.Slice.Builder addText(java.lang.CharSequence, java.lang.String, java.lang.String...) 2">
    <annotation name="android.support.annotation.StringDef">
      <val name="value" val="{android.app.slice.Slice.HINT_TITLE, android.app.slice.Slice.HINT_LIST, android.app.slice.Slice.HINT_LIST_ITEM, android.app.slice.Slice.HINT_LARGE, android.app.slice.Slice.HINT_ACTIONS, android.app.slice.Slice.HINT_SELECTED, android.app.slice.Slice.HINT_HORIZONTAL, android.app.slice.Slice.HINT_NO_TINT, android.app.slice.Slice.HINT_PARTIAL, android.app.slice.Slice.HINT_SUMMARY, android.app.slice.Slice.HINT_SEE_MORE, android.app.slice.Slice.HINT_SHORTCUT, android.app.slice.Slice.HINT_KEYWORDS, android.app.slice.Slice.HINT_TTL, android.app.slice.Slice.HINT_LAST_UPDATED, android.app.slice.Slice.HINT_PERMISSION_REQUEST, android.app.slice.Slice.HINT_ERROR, androidx.slice.core.SliceHints.HINT_ACTIVITY}" />
    </annotation>
  </item>
  <item name="androidx.slice.Slice.Builder androidx.slice.Slice.Builder addText(java.lang.CharSequence, java.lang.String, java.util.List&lt;java.lang.String&gt;) 2">
    <annotation name="android.support.annotation.StringDef">
      <val name="value" val="{android.app.slice.Slice.HINT_TITLE, android.app.slice.Slice.HINT_LIST, android.app.slice.Slice.HINT_LIST_ITEM, android.app.slice.Slice.HINT_LARGE, android.app.slice.Slice.HINT_ACTIONS, android.app.slice.Slice.HINT_SELECTED, android.app.slice.Slice.HINT_HORIZONTAL, android.app.slice.Slice.HINT_NO_TINT, android.app.slice.Slice.HINT_PARTIAL, android.app.slice.Slice.HINT_SUMMARY, android.app.slice.Slice.HINT_SEE_MORE, android.app.slice.Slice.HINT_SHORTCUT, android.app.slice.Slice.HINT_KEYWORDS, android.app.slice.Slice.HINT_TTL, android.app.slice.Slice.HINT_LAST_UPDATED, android.app.slice.Slice.HINT_PERMISSION_REQUEST, android.app.slice.Slice.HINT_ERROR, androidx.slice.core.SliceHints.HINT_ACTIVITY}" />
    </annotation>
  </item>
  <item name="androidx.slice.Slice.Builder androidx.slice.Slice.Builder addTimestamp(long, java.lang.String, java.lang.String...) 2">
    <annotation name="android.support.annotation.StringDef">
      <val name="value" val="{android.app.slice.Slice.HINT_TITLE, android.app.slice.Slice.HINT_LIST, android.app.slice.Slice.HINT_LIST_ITEM, android.app.slice.Slice.HINT_LARGE, android.app.slice.Slice.HINT_ACTIONS, android.app.slice.Slice.HINT_SELECTED, android.app.slice.Slice.HINT_HORIZONTAL, android.app.slice.Slice.HINT_NO_TINT, android.app.slice.Slice.HINT_PARTIAL, android.app.slice.Slice.HINT_SUMMARY, android.app.slice.Slice.HINT_SEE_MORE, android.app.slice.Slice.HINT_SHORTCUT, android.app.slice.Slice.HINT_KEYWORDS, android.app.slice.Slice.HINT_TTL, android.app.slice.Slice.HINT_LAST_UPDATED, android.app.slice.Slice.HINT_PERMISSION_REQUEST, android.app.slice.Slice.HINT_ERROR, androidx.slice.core.SliceHints.HINT_ACTIVITY}" />
    </annotation>
  </item>
  <item name="androidx.slice.Slice.Builder androidx.slice.Slice.Builder addTimestamp(long, java.lang.String, java.util.List&lt;java.lang.String&gt;) 2">
    <annotation name="android.support.annotation.StringDef">
      <val name="value" val="{android.app.slice.Slice.HINT_TITLE, android.app.slice.Slice.HINT_LIST, android.app.slice.Slice.HINT_LIST_ITEM, android.app.slice.Slice.HINT_LARGE, android.app.slice.Slice.HINT_ACTIONS, android.app.slice.Slice.HINT_SELECTED, android.app.slice.Slice.HINT_HORIZONTAL, android.app.slice.Slice.HINT_NO_TINT, android.app.slice.Slice.HINT_PARTIAL, android.app.slice.Slice.HINT_SUMMARY, android.app.slice.Slice.HINT_SEE_MORE, android.app.slice.Slice.HINT_SHORTCUT, android.app.slice.Slice.HINT_KEYWORDS, android.app.slice.Slice.HINT_TTL, android.app.slice.Slice.HINT_LAST_UPDATED, android.app.slice.Slice.HINT_PERMISSION_REQUEST, android.app.slice.Slice.HINT_ERROR, androidx.slice.core.SliceHints.HINT_ACTIVITY}" />
    </annotation>
  </item>
  <item name="androidx.slice.Slice.Builder mHints">
    <annotation name="android.support.annotation.StringDef">
      <val name="value" val="{android.app.slice.Slice.HINT_TITLE, android.app.slice.Slice.HINT_LIST, android.app.slice.Slice.HINT_LIST_ITEM, android.app.slice.Slice.HINT_LARGE, android.app.slice.Slice.HINT_ACTIONS, android.app.slice.Slice.HINT_SELECTED, android.app.slice.Slice.HINT_HORIZONTAL, android.app.slice.Slice.HINT_NO_TINT, android.app.slice.Slice.HINT_PARTIAL, android.app.slice.Slice.HINT_SUMMARY, android.app.slice.Slice.HINT_SEE_MORE, android.app.slice.Slice.HINT_SHORTCUT, android.app.slice.Slice.HINT_KEYWORDS, android.app.slice.Slice.HINT_TTL, android.app.slice.Slice.HINT_LAST_UPDATED, android.app.slice.Slice.HINT_PERMISSION_REQUEST, android.app.slice.Slice.HINT_ERROR, androidx.slice.core.SliceHints.HINT_ACTIVITY}" />
    </annotation>
  </item>
  <item name="androidx.slice.Slice.SliceHint">
    <annotation name="android.support.annotation.StringDef">
      <val name="value" val="{android.app.slice.Slice.HINT_TITLE, android.app.slice.Slice.HINT_LIST, android.app.slice.Slice.HINT_LIST_ITEM, android.app.slice.Slice.HINT_LARGE, android.app.slice.Slice.HINT_ACTIONS, android.app.slice.Slice.HINT_SELECTED, android.app.slice.Slice.HINT_HORIZONTAL, android.app.slice.Slice.HINT_NO_TINT, android.app.slice.Slice.HINT_PARTIAL, android.app.slice.Slice.HINT_SUMMARY, android.app.slice.Slice.HINT_SEE_MORE, android.app.slice.Slice.HINT_SHORTCUT, android.app.slice.Slice.HINT_KEYWORDS, android.app.slice.Slice.HINT_TTL, android.app.slice.Slice.HINT_LAST_UPDATED, android.app.slice.Slice.HINT_PERMISSION_REQUEST, android.app.slice.Slice.HINT_ERROR, androidx.slice.core.SliceHints.HINT_ACTIVITY}" />
    </annotation>
  </item>
  <item name="androidx.slice.SliceItem SliceItem(android.app.PendingIntent, androidx.slice.Slice, java.lang.String, java.lang.String, java.lang.String[]) 4">
    <annotation name="android.support.annotation.StringDef">
      <val name="value" val="{android.app.slice.Slice.HINT_TITLE, android.app.slice.Slice.HINT_LIST, android.app.slice.Slice.HINT_LIST_ITEM, android.app.slice.Slice.HINT_LARGE, android.app.slice.Slice.HINT_ACTIONS, android.app.slice.Slice.HINT_SELECTED, android.app.slice.Slice.HINT_HORIZONTAL, android.app.slice.Slice.HINT_NO_TINT, android.app.slice.Slice.HINT_PARTIAL, android.app.slice.Slice.HINT_SUMMARY, android.app.slice.Slice.HINT_SEE_MORE, android.app.slice.Slice.HINT_SHORTCUT, android.app.slice.Slice.HINT_KEYWORDS, android.app.slice.Slice.HINT_TTL, android.app.slice.Slice.HINT_LAST_UPDATED, android.app.slice.Slice.HINT_PERMISSION_REQUEST, android.app.slice.Slice.HINT_ERROR, androidx.slice.core.SliceHints.HINT_ACTIVITY}" />
    </annotation>
  </item>
  <item name="androidx.slice.SliceItem SliceItem(androidx.slice.SliceItem.ActionHandler, androidx.slice.Slice, java.lang.String, java.lang.String, java.lang.String[]) 4">
    <annotation name="android.support.annotation.StringDef">
      <val name="value" val="{android.app.slice.Slice.HINT_TITLE, android.app.slice.Slice.HINT_LIST, android.app.slice.Slice.HINT_LIST_ITEM, android.app.slice.Slice.HINT_LARGE, android.app.slice.Slice.HINT_ACTIONS, android.app.slice.Slice.HINT_SELECTED, android.app.slice.Slice.HINT_HORIZONTAL, android.app.slice.Slice.HINT_NO_TINT, android.app.slice.Slice.HINT_PARTIAL, android.app.slice.Slice.HINT_SUMMARY, android.app.slice.Slice.HINT_SEE_MORE, android.app.slice.Slice.HINT_SHORTCUT, android.app.slice.Slice.HINT_KEYWORDS, android.app.slice.Slice.HINT_TTL, android.app.slice.Slice.HINT_LAST_UPDATED, android.app.slice.Slice.HINT_PERMISSION_REQUEST, android.app.slice.Slice.HINT_ERROR, androidx.slice.core.SliceHints.HINT_ACTIVITY}" />
    </annotation>
  </item>
  <item name="androidx.slice.SliceItem SliceItem(java.lang.Object, java.lang.String, java.lang.String, java.lang.String[]) 1">
    <annotation name="android.support.annotation.StringDef">
      <val name="value" val="{android.app.slice.SliceItem.FORMAT_SLICE, android.app.slice.SliceItem.FORMAT_TEXT, android.app.slice.SliceItem.FORMAT_IMAGE, android.app.slice.SliceItem.FORMAT_ACTION, android.app.slice.SliceItem.FORMAT_INT, android.app.slice.SliceItem.FORMAT_LONG, android.app.slice.SliceItem.FORMAT_REMOTE_INPUT, android.app.slice.SliceItem.FORMAT_LONG}" />
    </annotation>
  </item>
  <item name="androidx.slice.SliceItem SliceItem(java.lang.Object, java.lang.String, java.lang.String, java.lang.String[]) 3">
    <annotation name="android.support.annotation.StringDef">
      <val name="value" val="{android.app.slice.Slice.HINT_TITLE, android.app.slice.Slice.HINT_LIST, android.app.slice.Slice.HINT_LIST_ITEM, android.app.slice.Slice.HINT_LARGE, android.app.slice.Slice.HINT_ACTIONS, android.app.slice.Slice.HINT_SELECTED, android.app.slice.Slice.HINT_HORIZONTAL, android.app.slice.Slice.HINT_NO_TINT, android.app.slice.Slice.HINT_PARTIAL, android.app.slice.Slice.HINT_SUMMARY, android.app.slice.Slice.HINT_SEE_MORE, android.app.slice.Slice.HINT_SHORTCUT, android.app.slice.Slice.HINT_KEYWORDS, android.app.slice.Slice.HINT_TTL, android.app.slice.Slice.HINT_LAST_UPDATED, android.app.slice.Slice.HINT_PERMISSION_REQUEST, android.app.slice.Slice.HINT_ERROR, androidx.slice.core.SliceHints.HINT_ACTIVITY}" />
    </annotation>
  </item>
  <item name="androidx.slice.SliceItem SliceItem(java.lang.Object, java.lang.String, java.lang.String, java.util.List&lt;java.lang.String&gt;) 1">
    <annotation name="android.support.annotation.StringDef">
      <val name="value" val="{android.app.slice.SliceItem.FORMAT_SLICE, android.app.slice.SliceItem.FORMAT_TEXT, android.app.slice.SliceItem.FORMAT_IMAGE, android.app.slice.SliceItem.FORMAT_ACTION, android.app.slice.SliceItem.FORMAT_INT, android.app.slice.SliceItem.FORMAT_LONG, android.app.slice.SliceItem.FORMAT_REMOTE_INPUT, android.app.slice.SliceItem.FORMAT_LONG}" />
    </annotation>
  </item>
  <item name="androidx.slice.SliceItem SliceItem(java.lang.Object, java.lang.String, java.lang.String, java.util.List&lt;java.lang.String&gt;) 3">
    <annotation name="android.support.annotation.StringDef">
      <val name="value" val="{android.app.slice.Slice.HINT_TITLE, android.app.slice.Slice.HINT_LIST, android.app.slice.Slice.HINT_LIST_ITEM, android.app.slice.Slice.HINT_LARGE, android.app.slice.Slice.HINT_ACTIONS, android.app.slice.Slice.HINT_SELECTED, android.app.slice.Slice.HINT_HORIZONTAL, android.app.slice.Slice.HINT_NO_TINT, android.app.slice.Slice.HINT_PARTIAL, android.app.slice.Slice.HINT_SUMMARY, android.app.slice.Slice.HINT_SEE_MORE, android.app.slice.Slice.HINT_SHORTCUT, android.app.slice.Slice.HINT_KEYWORDS, android.app.slice.Slice.HINT_TTL, android.app.slice.Slice.HINT_LAST_UPDATED, android.app.slice.Slice.HINT_PERMISSION_REQUEST, android.app.slice.Slice.HINT_ERROR, androidx.slice.core.SliceHints.HINT_ACTIVITY}" />
    </annotation>
  </item>
  <item name="androidx.slice.SliceItem boolean hasAnyHints(java.lang.String...) 0">
    <annotation name="android.support.annotation.StringDef">
      <val name="value" val="{android.app.slice.Slice.HINT_TITLE, android.app.slice.Slice.HINT_LIST, android.app.slice.Slice.HINT_LIST_ITEM, android.app.slice.Slice.HINT_LARGE, android.app.slice.Slice.HINT_ACTIONS, android.app.slice.Slice.HINT_SELECTED, android.app.slice.Slice.HINT_HORIZONTAL, android.app.slice.Slice.HINT_NO_TINT, android.app.slice.Slice.HINT_PARTIAL, android.app.slice.Slice.HINT_SUMMARY, android.app.slice.Slice.HINT_SEE_MORE, android.app.slice.Slice.HINT_SHORTCUT, android.app.slice.Slice.HINT_KEYWORDS, android.app.slice.Slice.HINT_TTL, android.app.slice.Slice.HINT_LAST_UPDATED, android.app.slice.Slice.HINT_PERMISSION_REQUEST, android.app.slice.Slice.HINT_ERROR, androidx.slice.core.SliceHints.HINT_ACTIVITY}" />
    </annotation>
  </item>
  <item name="androidx.slice.SliceItem boolean hasHint(java.lang.String) 0">
    <annotation name="android.support.annotation.StringDef">
      <val name="value" val="{android.app.slice.Slice.HINT_TITLE, android.app.slice.Slice.HINT_LIST, android.app.slice.Slice.HINT_LIST_ITEM, android.app.slice.Slice.HINT_LARGE, android.app.slice.Slice.HINT_ACTIONS, android.app.slice.Slice.HINT_SELECTED, android.app.slice.Slice.HINT_HORIZONTAL, android.app.slice.Slice.HINT_NO_TINT, android.app.slice.Slice.HINT_PARTIAL, android.app.slice.Slice.HINT_SUMMARY, android.app.slice.Slice.HINT_SEE_MORE, android.app.slice.Slice.HINT_SHORTCUT, android.app.slice.Slice.HINT_KEYWORDS, android.app.slice.Slice.HINT_TTL, android.app.slice.Slice.HINT_LAST_UPDATED, android.app.slice.Slice.HINT_PERMISSION_REQUEST, android.app.slice.Slice.HINT_ERROR, androidx.slice.core.SliceHints.HINT_ACTIVITY}" />
    </annotation>
  </item>
  <item name="androidx.slice.SliceItem boolean hasHints(java.lang.String[]) 0">
    <annotation name="android.support.annotation.StringDef">
      <val name="value" val="{android.app.slice.Slice.HINT_TITLE, android.app.slice.Slice.HINT_LIST, android.app.slice.Slice.HINT_LIST_ITEM, android.app.slice.Slice.HINT_LARGE, android.app.slice.Slice.HINT_ACTIONS, android.app.slice.Slice.HINT_SELECTED, android.app.slice.Slice.HINT_HORIZONTAL, android.app.slice.Slice.HINT_NO_TINT, android.app.slice.Slice.HINT_PARTIAL, android.app.slice.Slice.HINT_SUMMARY, android.app.slice.Slice.HINT_SEE_MORE, android.app.slice.Slice.HINT_SHORTCUT, android.app.slice.Slice.HINT_KEYWORDS, android.app.slice.Slice.HINT_TTL, android.app.slice.Slice.HINT_LAST_UPDATED, android.app.slice.Slice.HINT_PERMISSION_REQUEST, android.app.slice.Slice.HINT_ERROR, androidx.slice.core.SliceHints.HINT_ACTIVITY}" />
    </annotation>
  </item>
  <item name="androidx.slice.SliceItem java.lang.String getFormat()">
    <annotation name="android.support.annotation.StringDef">
      <val name="value" val="{android.app.slice.SliceItem.FORMAT_SLICE, android.app.slice.SliceItem.FORMAT_TEXT, android.app.slice.SliceItem.FORMAT_IMAGE, android.app.slice.SliceItem.FORMAT_ACTION, android.app.slice.SliceItem.FORMAT_INT, android.app.slice.SliceItem.FORMAT_LONG, android.app.slice.SliceItem.FORMAT_REMOTE_INPUT, android.app.slice.SliceItem.FORMAT_LONG}" />
    </annotation>
  </item>
  <item name="androidx.slice.SliceItem java.util.List&lt;java.lang.String&gt; getHints()">
    <annotation name="android.support.annotation.StringDef">
      <val name="value" val="{android.app.slice.Slice.HINT_TITLE, android.app.slice.Slice.HINT_LIST, android.app.slice.Slice.HINT_LIST_ITEM, android.app.slice.Slice.HINT_LARGE, android.app.slice.Slice.HINT_ACTIONS, android.app.slice.Slice.HINT_SELECTED, android.app.slice.Slice.HINT_HORIZONTAL, android.app.slice.Slice.HINT_NO_TINT, android.app.slice.Slice.HINT_PARTIAL, android.app.slice.Slice.HINT_SUMMARY, android.app.slice.Slice.HINT_SEE_MORE, android.app.slice.Slice.HINT_SHORTCUT, android.app.slice.Slice.HINT_KEYWORDS, android.app.slice.Slice.HINT_TTL, android.app.slice.Slice.HINT_LAST_UPDATED, android.app.slice.Slice.HINT_PERMISSION_REQUEST, android.app.slice.Slice.HINT_ERROR, androidx.slice.core.SliceHints.HINT_ACTIVITY}" />
    </annotation>
  </item>
  <item name="androidx.slice.SliceItem mHints">
    <annotation name="android.support.annotation.StringDef">
      <val name="value" val="{android.app.slice.Slice.HINT_TITLE, android.app.slice.Slice.HINT_LIST, android.app.slice.Slice.HINT_LIST_ITEM, android.app.slice.Slice.HINT_LARGE, android.app.slice.Slice.HINT_ACTIONS, android.app.slice.Slice.HINT_SELECTED, android.app.slice.Slice.HINT_HORIZONTAL, android.app.slice.Slice.HINT_NO_TINT, android.app.slice.Slice.HINT_PARTIAL, android.app.slice.Slice.HINT_SUMMARY, android.app.slice.Slice.HINT_SEE_MORE, android.app.slice.Slice.HINT_SHORTCUT, android.app.slice.Slice.HINT_KEYWORDS, android.app.slice.Slice.HINT_TTL, android.app.slice.Slice.HINT_LAST_UPDATED, android.app.slice.Slice.HINT_PERMISSION_REQUEST, android.app.slice.Slice.HINT_ERROR, androidx.slice.core.SliceHints.HINT_ACTIVITY}" />
    </annotation>
  </item>
  <item name="androidx.slice.SliceItem void addHint(java.lang.String) 0">
    <annotation name="android.support.annotation.StringDef">
      <val name="value" val="{android.app.slice.Slice.HINT_TITLE, android.app.slice.Slice.HINT_LIST, android.app.slice.Slice.HINT_LIST_ITEM, android.app.slice.Slice.HINT_LARGE, android.app.slice.Slice.HINT_ACTIONS, android.app.slice.Slice.HINT_SELECTED, android.app.slice.Slice.HINT_HORIZONTAL, android.app.slice.Slice.HINT_NO_TINT, android.app.slice.Slice.HINT_PARTIAL, android.app.slice.Slice.HINT_SUMMARY, android.app.slice.Slice.HINT_SEE_MORE, android.app.slice.Slice.HINT_SHORTCUT, android.app.slice.Slice.HINT_KEYWORDS, android.app.slice.Slice.HINT_TTL, android.app.slice.Slice.HINT_LAST_UPDATED, android.app.slice.Slice.HINT_PERMISSION_REQUEST, android.app.slice.Slice.HINT_ERROR, androidx.slice.core.SliceHints.HINT_ACTIVITY}" />
    </annotation>
  </item>
  <item name="androidx.slice.SliceItem.SliceType">
    <annotation name="android.support.annotation.StringDef">
      <val name="value" val="{android.app.slice.SliceItem.FORMAT_SLICE, android.app.slice.SliceItem.FORMAT_TEXT, android.app.slice.SliceItem.FORMAT_IMAGE, android.app.slice.SliceItem.FORMAT_ACTION, android.app.slice.SliceItem.FORMAT_INT, android.app.slice.SliceItem.FORMAT_LONG, android.app.slice.SliceItem.FORMAT_REMOTE_INPUT, android.app.slice.SliceItem.FORMAT_LONG}" />
    </annotation>
  </item>
</root>

