<?xml version="1.0" encoding="UTF-8"?>
<root>
  <item name="androidx.slice.widget.EventInfo EventInfo(int, int, int, int) 0">
    <annotation name="android.support.annotation.IntDef">
      <val name="value" val="{androidx.slice.widget.SliceView.MODE_SMALL, androidx.slice.widget.SliceView.MODE_LARGE, androidx.slice.widget.SliceView.MODE_SHORTCUT}" />
    </annotation>
  </item>
  <item name="androidx.slice.widget.EventInfo EventInfo(int, int, int, int) 1">
    <annotation name="android.support.annotation.IntDef">
      <val name="value" val="{androidx.slice.widget.EventInfo.ACTION_TYPE_TOGGLE, androidx.slice.widget.EventInfo.ACTION_TYPE_BUTTON, androidx.slice.widget.EventInfo.ACTION_TYPE_SLIDER, androidx.slice.widget.EventInfo.ACTION_TYPE_CONTENT, androidx.slice.widget.EventInfo.ACTION_TYPE_SEE_MORE}" />
    </annotation>
  </item>
  <item name="androidx.slice.widget.EventInfo EventInfo(int, int, int, int) 2">
    <annotation name="android.support.annotation.IntDef">
      <val name="value" val="{androidx.slice.widget.EventInfo.ROW_TYPE_SHORTCUT, androidx.slice.widget.EventInfo.ROW_TYPE_LIST, androidx.slice.widget.EventInfo.ROW_TYPE_GRID, androidx.slice.widget.EventInfo.ROW_TYPE_MESSAGING, androidx.slice.widget.EventInfo.ROW_TYPE_TOGGLE, androidx.slice.widget.EventInfo.ROW_TYPE_SLIDER, androidx.slice.widget.EventInfo.ROW_TYPE_PROGRESS}" />
    </annotation>
  </item>
  <item name="androidx.slice.widget.EventInfo actionPosition">
    <annotation name="android.support.annotation.IntDef">
      <val name="value" val="{androidx.slice.widget.EventInfo.POSITION_START, androidx.slice.widget.EventInfo.POSITION_END, androidx.slice.widget.EventInfo.POSITION_CELL}" />
    </annotation>
  </item>
  <item name="androidx.slice.widget.EventInfo actionType">
    <annotation name="android.support.annotation.IntDef">
      <val name="value" val="{androidx.slice.widget.EventInfo.ACTION_TYPE_TOGGLE, androidx.slice.widget.EventInfo.ACTION_TYPE_BUTTON, androidx.slice.widget.EventInfo.ACTION_TYPE_SLIDER, androidx.slice.widget.EventInfo.ACTION_TYPE_CONTENT, androidx.slice.widget.EventInfo.ACTION_TYPE_SEE_MORE}" />
    </annotation>
  </item>
  <item name="androidx.slice.widget.EventInfo java.lang.String actionToString(int) 0">
    <annotation name="android.support.annotation.IntDef">
      <val name="value" val="{androidx.slice.widget.EventInfo.ACTION_TYPE_TOGGLE, androidx.slice.widget.EventInfo.ACTION_TYPE_BUTTON, androidx.slice.widget.EventInfo.ACTION_TYPE_SLIDER, androidx.slice.widget.EventInfo.ACTION_TYPE_CONTENT, androidx.slice.widget.EventInfo.ACTION_TYPE_SEE_MORE}" />
    </annotation>
  </item>
  <item name="androidx.slice.widget.EventInfo java.lang.String positionToString(int) 0">
    <annotation name="android.support.annotation.IntDef">
      <val name="value" val="{androidx.slice.widget.EventInfo.POSITION_START, androidx.slice.widget.EventInfo.POSITION_END, androidx.slice.widget.EventInfo.POSITION_CELL}" />
    </annotation>
  </item>
  <item name="androidx.slice.widget.EventInfo java.lang.String rowTypeToString(int) 0">
    <annotation name="android.support.annotation.IntDef">
      <val name="value" val="{androidx.slice.widget.EventInfo.ROW_TYPE_SHORTCUT, androidx.slice.widget.EventInfo.ROW_TYPE_LIST, androidx.slice.widget.EventInfo.ROW_TYPE_GRID, androidx.slice.widget.EventInfo.ROW_TYPE_MESSAGING, androidx.slice.widget.EventInfo.ROW_TYPE_TOGGLE, androidx.slice.widget.EventInfo.ROW_TYPE_SLIDER, androidx.slice.widget.EventInfo.ROW_TYPE_PROGRESS}" />
    </annotation>
  </item>
  <item name="androidx.slice.widget.EventInfo rowTemplateType">
    <annotation name="android.support.annotation.IntDef">
      <val name="value" val="{androidx.slice.widget.EventInfo.ROW_TYPE_SHORTCUT, androidx.slice.widget.EventInfo.ROW_TYPE_LIST, androidx.slice.widget.EventInfo.ROW_TYPE_GRID, androidx.slice.widget.EventInfo.ROW_TYPE_MESSAGING, androidx.slice.widget.EventInfo.ROW_TYPE_TOGGLE, androidx.slice.widget.EventInfo.ROW_TYPE_SLIDER, androidx.slice.widget.EventInfo.ROW_TYPE_PROGRESS}" />
    </annotation>
  </item>
  <item name="androidx.slice.widget.EventInfo sliceMode">
    <annotation name="android.support.annotation.IntDef">
      <val name="value" val="{androidx.slice.widget.SliceView.MODE_SMALL, androidx.slice.widget.SliceView.MODE_LARGE, androidx.slice.widget.SliceView.MODE_SHORTCUT}" />
    </annotation>
  </item>
  <item name="androidx.slice.widget.EventInfo void setPosition(int, int, int) 0">
    <annotation name="android.support.annotation.IntDef">
      <val name="value" val="{androidx.slice.widget.EventInfo.POSITION_START, androidx.slice.widget.EventInfo.POSITION_END, androidx.slice.widget.EventInfo.POSITION_CELL}" />
    </annotation>
  </item>
  <item name="androidx.slice.widget.EventInfo.SliceActionType">
    <annotation name="android.support.annotation.IntDef">
      <val name="value" val="{androidx.slice.widget.EventInfo.ACTION_TYPE_TOGGLE, androidx.slice.widget.EventInfo.ACTION_TYPE_BUTTON, androidx.slice.widget.EventInfo.ACTION_TYPE_SLIDER, androidx.slice.widget.EventInfo.ACTION_TYPE_CONTENT, androidx.slice.widget.EventInfo.ACTION_TYPE_SEE_MORE}" />
    </annotation>
  </item>
  <item name="androidx.slice.widget.EventInfo.SliceButtonPosition">
    <annotation name="android.support.annotation.IntDef">
      <val name="value" val="{androidx.slice.widget.EventInfo.POSITION_START, androidx.slice.widget.EventInfo.POSITION_END, androidx.slice.widget.EventInfo.POSITION_CELL}" />
    </annotation>
  </item>
  <item name="androidx.slice.widget.EventInfo.SliceRowType">
    <annotation name="android.support.annotation.IntDef">
      <val name="value" val="{androidx.slice.widget.EventInfo.ROW_TYPE_SHORTCUT, androidx.slice.widget.EventInfo.ROW_TYPE_LIST, androidx.slice.widget.EventInfo.ROW_TYPE_GRID, androidx.slice.widget.EventInfo.ROW_TYPE_MESSAGING, androidx.slice.widget.EventInfo.ROW_TYPE_TOGGLE, androidx.slice.widget.EventInfo.ROW_TYPE_SLIDER, androidx.slice.widget.EventInfo.ROW_TYPE_PROGRESS}" />
    </annotation>
  </item>
  <item name="androidx.slice.widget.ShortcutView int getMode()">
    <annotation name="android.support.annotation.IntDef">
      <val name="value" val="{androidx.slice.widget.SliceView.MODE_SMALL, androidx.slice.widget.SliceView.MODE_LARGE, androidx.slice.widget.SliceView.MODE_SHORTCUT}" />
    </annotation>
  </item>
  <item name="androidx.slice.widget.SliceChildView int getMode()">
    <annotation name="android.support.annotation.IntDef">
      <val name="value" val="{androidx.slice.widget.SliceView.MODE_SMALL, androidx.slice.widget.SliceView.MODE_LARGE, androidx.slice.widget.SliceView.MODE_SHORTCUT}" />
    </annotation>
  </item>
  <item name="androidx.slice.widget.SliceLiveData.OnErrorListener void onSliceError(int, java.lang.Throwable) 0">
    <annotation name="android.support.annotation.IntDef">
      <val name="value" val="{androidx.slice.widget.SliceLiveData.OnErrorListener.ERROR_UNKNOWN, androidx.slice.widget.SliceLiveData.OnErrorListener.ERROR_STRUCTURE_CHANGED, androidx.slice.widget.SliceLiveData.OnErrorListener.ERROR_SLICE_NO_LONGER_PRESENT, androidx.slice.widget.SliceLiveData.OnErrorListener.ERROR_INVALID_INPUT}" />
    </annotation>
  </item>
  <item name="androidx.slice.widget.SliceLiveData.OnErrorListener.ErrorType">
    <annotation name="android.support.annotation.IntDef">
      <val name="value" val="{androidx.slice.widget.SliceLiveData.OnErrorListener.ERROR_UNKNOWN, androidx.slice.widget.SliceLiveData.OnErrorListener.ERROR_STRUCTURE_CHANGED, androidx.slice.widget.SliceLiveData.OnErrorListener.ERROR_SLICE_NO_LONGER_PRESENT, androidx.slice.widget.SliceLiveData.OnErrorListener.ERROR_INVALID_INPUT}" />
    </annotation>
  </item>
  <item name="androidx.slice.widget.SliceView int getMode()">
    <annotation name="android.support.annotation.IntDef">
      <val name="value" val="{androidx.slice.widget.SliceView.MODE_SMALL, androidx.slice.widget.SliceView.MODE_LARGE, androidx.slice.widget.SliceView.MODE_SHORTCUT}" />
    </annotation>
  </item>
  <item name="androidx.slice.widget.SliceView java.lang.String modeToString(int) 0">
    <annotation name="android.support.annotation.IntDef">
      <val name="value" val="{androidx.slice.widget.SliceView.MODE_SMALL, androidx.slice.widget.SliceView.MODE_LARGE, androidx.slice.widget.SliceView.MODE_SHORTCUT}" />
    </annotation>
  </item>
  <item name="androidx.slice.widget.SliceView void setMode(int) 0">
    <annotation name="android.support.annotation.IntDef">
      <val name="value" val="{androidx.slice.widget.SliceView.MODE_SMALL, androidx.slice.widget.SliceView.MODE_LARGE, androidx.slice.widget.SliceView.MODE_SHORTCUT}" />
    </annotation>
  </item>
  <item name="androidx.slice.widget.SliceView void setMode(int, boolean) 0">
    <annotation name="android.support.annotation.IntDef">
      <val name="value" val="{androidx.slice.widget.SliceView.MODE_SMALL, androidx.slice.widget.SliceView.MODE_LARGE, androidx.slice.widget.SliceView.MODE_SHORTCUT}" />
    </annotation>
  </item>
  <item name="androidx.slice.widget.SliceView.SliceMode">
    <annotation name="android.support.annotation.IntDef">
      <val name="value" val="{androidx.slice.widget.SliceView.MODE_SMALL, androidx.slice.widget.SliceView.MODE_LARGE, androidx.slice.widget.SliceView.MODE_SHORTCUT}" />
    </annotation>
  </item>
</root>

