<?xml version="1.0" encoding="UTF-8"?>
<root>
  <item name="androidx.wear.widget.BoxInsetLayout.LayoutParams LayoutParams(int, int, int, int) 3">
    <annotation name="android.support.annotation.IntDef">
      <val name="value" val="{androidx.wear.widget.BoxInsetLayout.LayoutParams.BOX_NONE, androidx.wear.widget.BoxInsetLayout.LayoutParams.BOX_LEFT, androidx.wear.widget.BoxInsetLayout.LayoutParams.BOX_TOP, androidx.wear.widget.BoxInsetLayout.LayoutParams.BOX_RIGHT, androidx.wear.widget.BoxInsetLayout.LayoutParams.BOX_BOTTOM, androidx.wear.widget.BoxInsetLayout.LayoutParams.BOX_ALL}" />
    </annotation>
  </item>
  <item name="androidx.wear.widget.BoxInsetLayout.LayoutParams boxedEdges">
    <annotation name="android.support.annotation.IntDef">
      <val name="value" val="{androidx.wear.widget.BoxInsetLayout.LayoutParams.BOX_NONE, androidx.wear.widget.BoxInsetLayout.LayoutParams.BOX_LEFT, androidx.wear.widget.BoxInsetLayout.LayoutParams.BOX_TOP, androidx.wear.widget.BoxInsetLayout.LayoutParams.BOX_RIGHT, androidx.wear.widget.BoxInsetLayout.LayoutParams.BOX_BOTTOM, androidx.wear.widget.BoxInsetLayout.LayoutParams.BOX_ALL}" />
    </annotation>
  </item>
  <item name="android.support.wear.widget.BoxInsetLayout.LayoutParams.BoxedEdges">
    <annotation name="android.support.annotation.IntDef">
      <val name="value" val="{androidx.wear.widget.BoxInsetLayout.LayoutParams.BOX_NONE, androidx.wear.widget.BoxInsetLayout.LayoutParams.BOX_LEFT, androidx.wear.widget.BoxInsetLayout.LayoutParams.BOX_TOP, androidx.wear.widget.BoxInsetLayout.LayoutParams.BOX_RIGHT, androidx.wear.widget.BoxInsetLayout.LayoutParams.BOX_BOTTOM, androidx.wear.widget.BoxInsetLayout.LayoutParams.BOX_ALL}" />
    </annotation>
  </item>
  <item name="androidx.wear.widget.ConfirmationOverlay androidx.wear.widget.ConfirmationOverlay setType(int) 0">
    <annotation name="android.support.annotation.IntDef">
      <val name="value" val="{androidx.wear.widget.ConfirmationOverlay.SUCCESS_ANIMATION, androidx.wear.widget.ConfirmationOverlay.FAILURE_ANIMATION, androidx.wear.widget.ConfirmationOverlay.OPEN_ON_PHONE_ANIMATION}" />
    </annotation>
  </item>
  <item name="androidx.wear.widget.ConfirmationOverlay mType">
    <annotation name="android.support.annotation.IntDef">
      <val name="value" val="{androidx.wear.widget.ConfirmationOverlay.SUCCESS_ANIMATION, androidx.wear.widget.ConfirmationOverlay.FAILURE_ANIMATION, androidx.wear.widget.ConfirmationOverlay.OPEN_ON_PHONE_ANIMATION}" />
    </annotation>
  </item>
  <item name="android.support.wear.widget.ConfirmationOverlay.OverlayType">
    <annotation name="android.support.annotation.IntDef">
      <val name="value" val="{androidx.wear.widget.ConfirmationOverlay.SUCCESS_ANIMATION, androidx.wear.widget.ConfirmationOverlay.FAILURE_ANIMATION, androidx.wear.widget.ConfirmationOverlay.OPEN_ON_PHONE_ANIMATION}" />
    </annotation>
  </item>
</root>

